"10000","GENERAL FREIGHT","HOUSEHOLD GOODS","METAL; SHEETS, COILS, ROLLS","MOTOR VEHICLES","DRIVE AWAY/TOWAWAY","LOGS, POLES, BEAMS, LUMBER","BUILDING MATERIALS","MOBILE HOMES","MACHINERY, LARGE OBJECTS","FRESH PRODUCE","XLIQUIDS/GASES","INTERMODAL CONTAINERS","PASSENGERS","OIL FIELD EQUIPMENT","LIVESTOCK","GRAIN, FEED, HAY","COAL, COKE","MEAT","GARBAGE, REFUSE, TRASH","U.S. MAIL","CHEMICALS","COMMODITIES DRY BULK","REFRIGERATED FOOD","BEVERAGES","PAPER PRODUCTS","UTILITY","FARM SUPPLIES","CONSTRUCTION","WATER WELL","OTHER",,,,,,,,,,,,,,,,,,,,,,,,,,,,,,,
"1000000","GENERAL FREIGHT","HOUSEHOLD GOODS","XMETAL; SHEETS, COILS, ROLLS","MOTOR VEHICLES","DRIVE AWAY/TOWAWAY","XLOGS, POLES, BEAMS, LUMBER","XBUILDING MATERIALS","MOBILE HOMES","XMACHINERY, LARGE OBJECTS","FRESH PRODUCE","LIQUIDS/GASES","INTERMODAL CONTAINERS","PASSENGERS","OIL FIELD EQUIPMENT","LIVESTOCK","GRAIN, FEED, HAY","COAL, COKE","MEAT","XGARBAGE, REFUSE, TRASH","U.S. MAIL","CHEMICALS","COMMODITIES DRY BULK","REFRIGERATED FOOD","BEVERAGES","PAPER PRODUCTS","UTILITY","FARM SUPPLIES","XCONSTRUCTION","WATER WELL","OTHER",,,,,,,,,,,,,,,,,,,,,,,,,,,,,,,
"1000002","GENERAL FREIGHT","HOUSEHOLD GOODS","XMETAL; SHEETS, COILS, ROLLS","MOTOR VEHICLES","DRIVE AWAY/TOWAWAY","LOGS, POLES, BEAMS, LUMBER","BUILDING MATERIALS","MOBILE HOMES","MACHINERY, LARGE OBJECTS","FRESH PRODUCE","LIQUIDS/GASES","INTERMODAL CONTAINERS","PASSENGERS","OIL FIELD EQUIPMENT","LIVESTOCK","GRAIN, FEED, HAY","COAL, COKE","MEAT","GARBAGE, REFUSE, TRASH","U.S. MAIL","CHEMICALS","COMMODITIES DRY BULK","REFRIGERATED FOOD","BEVERAGES","PAPER PRODUCTS","UTILITY","FARM SUPPLIES","XCONSTRUCTION","WATER WELL","OTHER",,,,,,,,,,,,,,,,,,,,,,,,,,,,,,,
"1000004","GENERAL FREIGHT","HOUSEHOLD GOODS","METAL; SHEETS, COILS, ROLLS","MOTOR VEHICLES","DRIVE AWAY/TOWAWAY","LOGS, POLES, BEAMS, LUMBER","BUILDING MATERIALS","MOBILE HOMES","MACHINERY, LARGE OBJECTS","FRESH PRODUCE","LIQUIDS/GASES","INTERMODAL CONTAINERS","PASSENGERS","OIL FIELD EQUIPMENT","LIVESTOCK","XGRAIN, FEED, HAY","COAL, COKE","MEAT","GARBAGE, REFUSE, TRASH","U.S. MAIL","CHEMICALS","COMMODITIES DRY BULK","REFRIGERATED FOOD","BEVERAGES","XPAPER PRODUCTS","UTILITY","XFARM SUPPLIES","CONSTRUCTION","WATER WELL","OTHER",,,,,,,,,,,,,,,,,,,,,,,,,,,,,,,
"1000008","GENERAL FREIGHT","HOUSEHOLD GOODS","METAL; SHEETS, COILS, ROLLS","MOTOR VEHICLES","DRIVE AWAY/TOWAWAY","LOGS, POLES, BEAMS, LUMBER","BUILDING MATERIALS","MOBILE HOMES","MACHINERY, LARGE OBJECTS","FRESH PRODUCE","LIQUIDS/GASES","INTERMODAL CONTAINERS","PASSENGERS","OIL FIELD EQUIPMENT","LIVESTOCK","GRAIN, FEED, HAY","COAL, COKE","MEAT","GARBAGE, REFUSE, TRASH","U.S. MAIL","CHEMICALS","COMMODITIES DRY BULK","REFRIGERATED FOOD","BEVERAGES","PAPER PRODUCTS","UTILITY","XFARM SUPPLIES","CONSTRUCTION","WATER WELL","OTHER",,,,,,,,,,,,,,,,,,,,,,,,,,,,,,,
"1000012","GENERAL FREIGHT","HOUSEHOLD GOODS","METAL; SHEETS, COILS, ROLLS","MOTOR VEHICLES","DRIVE AWAY/TOWAWAY","LOGS, POLES, BEAMS, LUMBER","BUILDING MATERIALS","MOBILE HOMES","MACHINERY, LARGE OBJECTS","FRESH PRODUCE","LIQUIDS/GASES","INTERMODAL CONTAINERS","PASSENGERS","OIL FIELD EQUIPMENT","LIVESTOCK","GRAIN, FEED, HAY","COAL, COKE","MEAT","GARBAGE, REFUSE, TRASH","U.S. MAIL","CHEMICALS","COMMODITIES DRY BULK","REFRIGERATED FOOD","BEVERAGES","PAPER PRODUCTS","UTILITY","FARM SUPPLIES","CONSTRUCTION","WATER WELL","XHVAC EQUIPMENT",,,,,,,,,,,,,,,,,,,,,,,,,,,,,,,
"1000013","GENERAL FREIGHT","HOUSEHOLD GOODS","METAL; SHEETS, COILS, ROLLS","MOTOR VEHICLES","DRIVE AWAY/TOWAWAY","LOGS, POLES, BEAMS, LUMBER","BUILDING MATERIALS","MOBILE HOMES","MACHINERY, LARGE OBJECTS","FRESH PRODUCE","LIQUIDS/GASES","INTERMODAL CONTAINERS","XPASSENGERS","OIL FIELD EQUIPMENT","LIVESTOCK","GRAIN, FEED, HAY","COAL, COKE","MEAT","GARBAGE, REFUSE, TRASH","U.S. MAIL","CHEMICALS","COMMODITIES DRY BULK","REFRIGERATED FOOD","BEVERAGES","PAPER PRODUCTS","UTILITY","FARM SUPPLIES","CONSTRUCTION","WATER WELL","XK-12 SCHOOL AGED STUDENTS",,,,,,,,,,,,,,,,,,,,,,,,,,,,,,,
"1000014","GENERAL FREIGHT","HOUSEHOLD GOODS","METAL; SHEETS, COILS, ROLLS","MOTOR VEHICLES","DRIVE AWAY/TOWAWAY","LOGS, POLES, BEAMS, LUMBER","BUILDING MATERIALS","MOBILE HOMES","MACHINERY, LARGE OBJECTS","FRESH PRODUCE","LIQUIDS/GASES","INTERMODAL CONTAINERS","PASSENGERS","OIL FIELD EQUIPMENT","LIVESTOCK","GRAIN, FEED, HAY","COAL, COKE","MEAT","GARBAGE, REFUSE, TRASH","U.S. MAIL","CHEMICALS","COMMODITIES DRY BULK","REFRIGERATED FOOD","BEVERAGES","PAPER PRODUCTS","UTILITY","FARM SUPPLIES","XCONSTRUCTION","WATER WELL","OTHER",,,,,,,,,,,,,,,,,,,,,,,,,,,,,,,
"1000015","GENERAL FREIGHT","HOUSEHOLD GOODS","METAL; SHEETS, COILS, ROLLS","MOTOR VEHICLES","DRIVE AWAY/TOWAWAY","LOGS, POLES, BEAMS, LUMBER","BUILDING MATERIALS","MOBILE HOMES","MACHINERY, LARGE OBJECTS","FRESH PRODUCE","LIQUIDS/GASES","INTERMODAL CONTAINERS","PASSENGERS","OIL FIELD EQUIPMENT","LIVESTOCK","GRAIN, FEED, HAY","COAL, COKE","MEAT","GARBAGE, REFUSE, TRASH","U.S. MAIL","CHEMICALS","COMMODITIES DRY BULK","REFRIGERATED FOOD","BEVERAGES","PAPER PRODUCTS","UTILITY","FARM SUPPLIES","CONSTRUCTION","WATER WELL","XGRAVEL",,,,,,,,,,,,,,,,,,,,,,,,,,,,,,,
"1000017","GENERAL FREIGHT","HOUSEHOLD GOODS","METAL; SHEETS, COILS, ROLLS","MOTOR VEHICLES","DRIVE AWAY/TOWAWAY","LOGS, POLES, BEAMS, LUMBER","XBUILDING MATERIALS","MOBILE HOMES","MACHINERY, LARGE OBJECTS","FRESH PRODUCE","LIQUIDS/GASES","INTERMODAL CONTAINERS","PASSENGERS","OIL FIELD EQUIPMENT","LIVESTOCK","GRAIN, FEED, HAY","COAL, COKE","MEAT","GARBAGE, REFUSE, TRASH","U.S. MAIL","CHEMICALS","COMMODITIES DRY BULK","REFRIGERATED FOOD","BEVERAGES","PAPER PRODUCTS","UTILITY","FARM SUPPLIES","XCONSTRUCTION","WATER WELL","OTHER",,,,,,,,,,,,,,,,,,,,,,,,,,,,,,,
"100002","XGENERAL FREIGHT","HOUSEHOLD GOODS","METAL; SHEETS, COILS, ROLLS","MOTOR VEHICLES","DRIVE AWAY/TOWAWAY","LOGS, POLES, BEAMS, LUMBER","BUILDING MATERIALS","MOBILE HOMES","MACHINERY, LARGE OBJECTS","FRESH PRODUCE","LIQUIDS/GASES","INTERMODAL CONTAINERS","PASSENGERS","OIL FIELD EQUIPMENT","LIVESTOCK","GRAIN, FEED, HAY","COAL, COKE","MEAT","GARBAGE, REFUSE, TRASH","U.S. MAIL","CHEMICALS","XCOMMODITIES DRY BULK","REFRIGERATED FOOD","BEVERAGES","PAPER PRODUCTS","UTILITY","FARM SUPPLIES","CONSTRUCTION","WATER WELL","XSAND, GRAVEL, STEEL",,,,,,,,,,,,,,,,,,,,,,,,,,,,,,,
"1000021","GENERAL FREIGHT","HOUSEHOLD GOODS","METAL; SHEETS, COILS, ROLLS","MOTOR VEHICLES","DRIVE AWAY/TOWAWAY","XLOGS, POLES, BEAMS, LUMBER","XBUILDING MATERIALS","MOBILE HOMES","XMACHINERY, LARGE OBJECTS","FRESH PRODUCE","LIQUIDS/GASES","INTERMODAL CONTAINERS","PASSENGERS","OIL FIELD EQUIPMENT","LIVESTOCK","GRAIN, FEED, HAY","COAL, COKE","MEAT","GARBAGE, REFUSE, TRASH","U.S. MAIL","CHEMICALS","COMMODITIES DRY BULK","REFRIGERATED FOOD","BEVERAGES","PAPER PRODUCTS","UTILITY","XFARM SUPPLIES","XCONSTRUCTION","WATER WELL","OTHER",,,,,,,,,,,,,,,,,,,,,,,,,,,,,,,
"1000022","XGENERAL FREIGHT","HOUSEHOLD GOODS","METAL; SHEETS, COILS, ROLLS","MOTOR VEHICLES","DRIVE AWAY/TOWAWAY","LOGS, POLES, BEAMS, LUMBER","BUILDING MATERIALS","MOBILE HOMES","MACHINERY, LARGE OBJECTS","FRESH PRODUCE","LIQUIDS/GASES","INTERMODAL CONTAINERS","PASSENGERS","OIL FIELD EQUIPMENT","LIVESTOCK","GRAIN, FEED, HAY","COAL, COKE","MEAT","GARBAGE, REFUSE, TRASH","U.S. MAIL","CHEMICALS","COMMODITIES DRY BULK","REFRIGERATED FOOD","BEVERAGES","PAPER PRODUCTS","UTILITY","FARM SUPPLIES","CONSTRUCTION","WATER WELL","OTHER",,,,,,,,,,,,,,,,,,,,,,,,,,,,,,,
"1000023","GENERAL FREIGHT","XHOUSEHOLD GOODS","METAL; SHEETS, COILS, ROLLS","MOTOR VEHICLES","DRIVE AWAY/TOWAWAY","LOGS, POLES, BEAMS, LUMBER","BUILDING MATERIALS","MOBILE HOMES","MACHINERY, LARGE OBJECTS","FRESH PRODUCE","LIQUIDS/GASES","INTERMODAL CONTAINERS","PASSENGERS","OIL FIELD EQUIPMENT","LIVESTOCK","GRAIN, FEED, HAY","COAL, COKE","MEAT","GARBAGE, REFUSE, TRASH","U.S. MAIL","CHEMICALS","COMMODITIES DRY BULK","REFRIGERATED FOOD","BEVERAGES","PAPER PRODUCTS","UTILITY","FARM SUPPLIES","CONSTRUCTION","WATER WELL","OTHER",,,,,,,,,,,,,,,,,,,,,,,,,,,,,,,
"1000025","GENERAL FREIGHT","HOUSEHOLD GOODS","XMETAL; SHEETS, COILS, ROLLS","XMOTOR VEHICLES","DRIVE AWAY/TOWAWAY","LOGS, POLES, BEAMS, LUMBER","BUILDING MATERIALS","MOBILE HOMES","XMACHINERY, LARGE OBJECTS","FRESH PRODUCE","LIQUIDS/GASES","INTERMODAL CONTAINERS","PASSENGERS","OIL FIELD EQUIPMENT","LIVESTOCK","GRAIN, FEED, HAY","COAL, COKE","MEAT","GARBAGE, REFUSE, TRASH","U.S. MAIL","CHEMICALS","COMMODITIES DRY BULK","REFRIGERATED FOOD","BEVERAGES","PAPER PRODUCTS","UTILITY","FARM SUPPLIES","CONSTRUCTION","WATER WELL","OTHER",,,,,,,,,,,,,,,,,,,,,,,,,,,,,,,
"1000026","GENERAL FREIGHT","HOUSEHOLD GOODS","METAL; SHEETS, COILS, ROLLS","MOTOR VEHICLES","DRIVE AWAY/TOWAWAY","LOGS, POLES, BEAMS, LUMBER","BUILDING MATERIALS","MOBILE HOMES","MACHINERY, LARGE OBJECTS","FRESH PRODUCE","LIQUIDS/GASES","INTERMODAL CONTAINERS","PASSENGERS","OIL FIELD EQUIPMENT","LIVESTOCK","GRAIN, FEED, HAY","COAL, COKE","MEAT","GARBAGE, REFUSE, TRASH","U.S. MAIL","CHEMICALS","COMMODITIES DRY BULK","REFRIGERATED FOOD","BEVERAGES","PAPER PRODUCTS","UTILITY","FARM SUPPLIES","XCONSTRUCTION","XWATER WELL","OTHER",,,,,,,,,,,,,,,,,,,,,,,,,,,,,,,
"1000030","GENERAL FREIGHT","HOUSEHOLD GOODS","METAL; SHEETS, COILS, ROLLS","MOTOR VEHICLES","DRIVE AWAY/TOWAWAY","LOGS, POLES, BEAMS, LUMBER","BUILDING MATERIALS","MOBILE HOMES","XMACHINERY, LARGE OBJECTS","FRESH PRODUCE","LIQUIDS/GASES","INTERMODAL CONTAINERS","PASSENGERS","OIL FIELD EQUIPMENT","LIVESTOCK","GRAIN, FEED, HAY","COAL, COKE","MEAT","GARBAGE, REFUSE, TRASH","U.S. MAIL","CHEMICALS","COMMODITIES DRY BULK","REFRIGERATED FOOD","BEVERAGES","PAPER PRODUCTS","UTILITY","FARM SUPPLIES","CONSTRUCTION","WATER WELL","OTHER",,,,,,,,,,,,,,,,,,,,,,,,,,,,,,,
"1000035","GENERAL FREIGHT","HOUSEHOLD GOODS","METAL; SHEETS, COILS, ROLLS","MOTOR VEHICLES","DRIVE AWAY/TOWAWAY","XLOGS, POLES, BEAMS, LUMBER","XBUILDING MATERIALS","MOBILE HOMES","XMACHINERY, LARGE OBJECTS","FRESH PRODUCE","LIQUIDS/GASES","INTERMODAL CONTAINERS","PASSENGERS","OIL FIELD EQUIPMENT","LIVESTOCK","GRAIN, FEED, HAY","COAL, COKE","MEAT","GARBAGE, REFUSE, TRASH","U.S. MAIL","CHEMICALS","COMMODITIES DRY BULK","REFRIGERATED FOOD","BEVERAGES","PAPER PRODUCTS","UTILITY","FARM SUPPLIES","CONSTRUCTION","WATER WELL","OTHER",,,,,,,,,,,,,,,,,,,,,,,,,,,,,,,
"1000050","GENERAL FREIGHT","HOUSEHOLD GOODS","METAL; SHEETS, COILS, ROLLS","MOTOR VEHICLES","DRIVE AWAY/TOWAWAY","LOGS, POLES, BEAMS, LUMBER","BUILDING MATERIALS","MOBILE HOMES","MACHINERY, LARGE OBJECTS","FRESH PRODUCE","LIQUIDS/GASES","INTERMODAL CONTAINERS","PASSENGERS","OIL FIELD EQUIPMENT","LIVESTOCK","GRAIN, FEED, HAY","COAL, COKE","MEAT","GARBAGE, REFUSE, TRASH","U.S. MAIL","CHEMICALS","COMMODITIES DRY BULK","REFRIGERATED FOOD","BEVERAGES","PAPER PRODUCTS","UTILITY","FARM SUPPLIES","CONSTRUCTION","WATER WELL","XAUTO PARTS DELIVERY",,,,,,,,,,,,,,,,,,,,,,,,,,,,,,,
"1000058","XGENERAL FREIGHT","HOUSEHOLD GOODS","METAL; SHEETS, COILS, ROLLS","MOTOR VEHICLES","DRIVE AWAY/TOWAWAY","LOGS, POLES, BEAMS, LUMBER","XBUILDING MATERIALS","MOBILE HOMES","MACHINERY, LARGE OBJECTS","FRESH PRODUCE","LIQUIDS/GASES","INTERMODAL CONTAINERS","PASSENGERS","OIL FIELD EQUIPMENT","LIVESTOCK","GRAIN, FEED, HAY","COAL, COKE","MEAT","GARBAGE, REFUSE, TRASH","U.S. MAIL","CHEMICALS","COMMODITIES DRY BULK","REFRIGERATED FOOD","BEVERAGES","PAPER PRODUCTS","UTILITY","XFARM SUPPLIES","CONSTRUCTION","WATER WELL","OTHER",,,,,,,,,,,,,,,,,,,,,,,,,,,,,,,
"1000061","GENERAL FREIGHT","HOUSEHOLD GOODS","METAL; SHEETS, COILS, ROLLS","MOTOR VEHICLES","DRIVE AWAY/TOWAWAY","LOGS, POLES, BEAMS, LUMBER","XBUILDING MATERIALS","MOBILE HOMES","MACHINERY, LARGE OBJECTS","FRESH PRODUCE","LIQUIDS/GASES","INTERMODAL CONTAINERS","PASSENGERS","OIL FIELD EQUIPMENT","LIVESTOCK","GRAIN, FEED, HAY","COAL, COKE","MEAT","GARBAGE, REFUSE, TRASH","U.S. MAIL","CHEMICALS","COMMODITIES DRY BULK","REFRIGERATED FOOD","BEVERAGES","PAPER PRODUCTS","UTILITY","FARM SUPPLIES","CONSTRUCTION","WATER WELL","OTHER",,,,,,,,,,,,,,,,,,,,,,,,,,,,,,,
"1000062","XGENERAL FREIGHT","HOUSEHOLD GOODS","METAL; SHEETS, COILS, ROLLS","MOTOR VEHICLES","DRIVE AWAY/TOWAWAY","LOGS, POLES, BEAMS, LUMBER","BUILDING MATERIALS","MOBILE HOMES","MACHINERY, LARGE OBJECTS","FRESH PRODUCE","LIQUIDS/GASES","INTERMODAL CONTAINERS","PASSENGERS","OIL FIELD EQUIPMENT","LIVESTOCK","GRAIN, FEED, HAY","COAL, COKE","MEAT","GARBAGE, REFUSE, TRASH","U.S. MAIL","CHEMICALS","COMMODITIES DRY BULK","REFRIGERATED FOOD","BEVERAGES","PAPER PRODUCTS","UTILITY","FARM SUPPLIES","CONSTRUCTION","WATER WELL","XAGRICULTURE EXEMPT COMMODITIES",,,,,,,,,,,,,,,,,,,,,,,,,,,,,,,
"1000066","XGENERAL FREIGHT","HOUSEHOLD GOODS","XMETAL; SHEETS, COILS, ROLLS","MOTOR VEHICLES","DRIVE AWAY/TOWAWAY","XLOGS, POLES, BEAMS, LUMBER","XBUILDING MATERIALS","MOBILE HOMES","MACHINERY, LARGE OBJECTS","FRESH PRODUCE","LIQUIDS/GASES","INTERMODAL CONTAINERS","PASSENGERS","OIL FIELD EQUIPMENT","LIVESTOCK","GRAIN, FEED, HAY","COAL, COKE","MEAT","GARBAGE, REFUSE, TRASH","U.S. MAIL","CHEMICALS","COMMODITIES DRY BULK","REFRIGERATED FOOD","BEVERAGES","PAPER PRODUCTS","UTILITY","FARM SUPPLIES","CONSTRUCTION","WATER WELL","OTHER",,,,,,,,,,,,,,,,,,,,,,,,,,,,,,,
"1000076","GENERAL FREIGHT","HOUSEHOLD GOODS","METAL; SHEETS, COILS, ROLLS","MOTOR VEHICLES","DRIVE AWAY/TOWAWAY","LOGS, POLES, BEAMS, LUMBER","BUILDING MATERIALS","MOBILE HOMES","XMACHINERY, LARGE OBJECTS","FRESH PRODUCE","LIQUIDS/GASES","INTERMODAL CONTAINERS","PASSENGERS","OIL FIELD EQUIPMENT","LIVESTOCK","GRAIN, FEED, HAY","COAL, COKE","MEAT","GARBAGE, REFUSE, TRASH","U.S. MAIL","CHEMICALS","COMMODITIES DRY BULK","REFRIGERATED FOOD","BEVERAGES","PAPER PRODUCTS","UTILITY","FARM SUPPLIES","XCONSTRUCTION","WATER WELL","XROCK",,,,,,,,,,,,,,,,,,,,,,,,,,,,,,,
"1000077","XGENERAL FREIGHT","HOUSEHOLD GOODS","METAL; SHEETS, COILS, ROLLS","MOTOR VEHICLES","DRIVE AWAY/TOWAWAY","LOGS, POLES, BEAMS, LUMBER","BUILDING MATERIALS","MOBILE HOMES","MACHINERY, LARGE OBJECTS","XFRESH PRODUCE","LIQUIDS/GASES","INTERMODAL CONTAINERS","PASSENGERS","OIL FIELD EQUIPMENT","LIVESTOCK","GRAIN, FEED, HAY","COAL, COKE","MEAT","GARBAGE, REFUSE, TRASH","U.S. MAIL","CHEMICALS","COMMODITIES DRY BULK","XREFRIGERATED FOOD","BEVERAGES","PAPER PRODUCTS","UTILITY","FARM SUPPLIES","CONSTRUCTION","WATER WELL","OTHER",,,,,,,,,,,,,,,,,,,,,,,,,,,,,,,
"1000078","GENERAL FREIGHT","HOUSEHOLD GOODS","METAL; SHEETS, COILS, ROLLS","MOTOR VEHICLES","DRIVE AWAY/TOWAWAY","LOGS, POLES, BEAMS, LUMBER","BUILDING MATERIALS","MOBILE HOMES","MACHINERY, LARGE OBJECTS","FRESH PRODUCE","LIQUIDS/GASES","INTERMODAL CONTAINERS","PASSENGERS","OIL FIELD EQUIPMENT","LIVESTOCK","GRAIN, FEED, HAY","COAL, COKE","MEAT","GARBAGE, REFUSE, TRASH","U.S. MAIL","CHEMICALS","COMMODITIES DRY BULK","REFRIGERATED FOOD","BEVERAGES","XPAPER PRODUCTS","UTILITY","FARM SUPPLIES","CONSTRUCTION","WATER WELL","OTHER",,,,,,,,,,,,,,,,,,,,,,,,,,,,,,,
"1000079","XGENERAL FREIGHT","HOUSEHOLD GOODS","XMETAL; SHEETS, COILS, ROLLS","MOTOR VEHICLES","DRIVE AWAY/TOWAWAY","XLOGS, POLES, BEAMS, LUMBER","XBUILDING MATERIALS","MOBILE HOMES","MACHINERY, LARGE OBJECTS","FRESH PRODUCE","LIQUIDS/GASES","INTERMODAL CONTAINERS","PASSENGERS","OIL FIELD EQUIPMENT","LIVESTOCK","GRAIN, FEED, HAY","COAL, COKE","MEAT","GARBAGE, REFUSE, TRASH","U.S. MAIL","CHEMICALS","COMMODITIES DRY BULK","REFRIGERATED FOOD","BEVERAGES","PAPER PRODUCTS","UTILITY","FARM SUPPLIES","CONSTRUCTION","WATER WELL","OTHER",,,,,,,,,,,,,,,,,,,,,,,,,,,,,,,
"100008","GENERAL FREIGHT","HOUSEHOLD GOODS","METAL; SHEETS, COILS, ROLLS","MOTOR VEHICLES","DRIVE AWAY/TOWAWAY","LOGS, POLES, BEAMS, LUMBER","BUILDING MATERIALS","MOBILE HOMES","XMACHINERY, LARGE OBJECTS","FRESH PRODUCE","LIQUIDS/GASES","INTERMODAL CONTAINERS","PASSENGERS","OIL FIELD EQUIPMENT","LIVESTOCK","GRAIN, FEED, HAY","COAL, COKE","MEAT","GARBAGE, REFUSE, TRASH","U.S. MAIL","CHEMICALS","COMMODITIES DRY BULK","REFRIGERATED FOOD","BEVERAGES","PAPER PRODUCTS","UTILITY","FARM SUPPLIES","CONSTRUCTION","WATER WELL","OTHER",,,,,,,,,,,,,,,,,,,,,,,,,,,,,,,
"1000080","XGENERAL FREIGHT","XHOUSEHOLD GOODS","METAL; SHEETS, COILS, ROLLS","MOTOR VEHICLES","DRIVE AWAY/TOWAWAY","LOGS, POLES, BEAMS, LUMBER","XBUILDING MATERIALS","MOBILE HOMES","MACHINERY, LARGE OBJECTS","FRESH PRODUCE","LIQUIDS/GASES","INTERMODAL CONTAINERS","PASSENGERS","OIL FIELD EQUIPMENT","LIVESTOCK","GRAIN, FEED, HAY","COAL, COKE","MEAT","GARBAGE, REFUSE, TRASH","U.S. MAIL","CHEMICALS","COMMODITIES DRY BULK","REFRIGERATED FOOD","BEVERAGES","PAPER PRODUCTS","UTILITY","FARM SUPPLIES","CONSTRUCTION","WATER WELL","XSTOVES-FIREPLACES",,,,,,,,,,,,,,,,,,,,,,,,,,,,,,,
"1000081","GENERAL FREIGHT","HOUSEHOLD GOODS","METAL; SHEETS, COILS, ROLLS","MOTOR VEHICLES","DRIVE AWAY/TOWAWAY","LOGS, POLES, BEAMS, LUMBER","BUILDING MATERIALS","MOBILE HOMES","MACHINERY, LARGE OBJECTS","FRESH PRODUCE","LIQUIDS/GASES","INTERMODAL CONTAINERS","PASSENGERS","OIL FIELD EQUIPMENT","LIVESTOCK","GRAIN, FEED, HAY","COAL, COKE","MEAT","GARBAGE, REFUSE, TRASH","U.S. MAIL","CHEMICALS","COMMODITIES DRY BULK","REFRIGERATED FOOD","BEVERAGES","PAPER PRODUCTS","UTILITY","FARM SUPPLIES","CONSTRUCTION","WATER WELL","XSCRAP RECYCLING & SALT",,,,,,,,,,,,,,,,,,,,,,,,,,,,,,,
"1000093","XGENERAL FREIGHT","HOUSEHOLD GOODS","METAL; SHEETS, COILS, ROLLS","MOTOR VEHICLES","DRIVE AWAY/TOWAWAY","LOGS, POLES, BEAMS, LUMBER","BUILDING MATERIALS","MOBILE HOMES","MACHINERY, LARGE OBJECTS","FRESH PRODUCE","LIQUIDS/GASES","INTERMODAL CONTAINERS","PASSENGERS","OIL FIELD EQUIPMENT","LIVESTOCK","GRAIN, FEED, HAY","COAL, COKE","MEAT","GARBAGE, REFUSE, TRASH","U.S. MAIL","CHEMICALS","COMMODITIES DRY BULK","REFRIGERATED FOOD","BEVERAGES","PAPER PRODUCTS","UTILITY","FARM SUPPLIES","CONSTRUCTION","WATER WELL","OTHER",,,,,,,,,,,,,,,,,,,,,,,,,,,,,,,
"1000095","XGENERAL FREIGHT","HOUSEHOLD GOODS","METAL; SHEETS, COILS, ROLLS","MOTOR VEHICLES","DRIVE AWAY/TOWAWAY","LOGS, POLES, BEAMS, LUMBER","BUILDING MATERIALS","MOBILE HOMES","MACHINERY, LARGE OBJECTS","FRESH PRODUCE","LIQUIDS/GASES","INTERMODAL CONTAINERS","PASSENGERS","OIL FIELD EQUIPMENT","LIVESTOCK","GRAIN, FEED, HAY","COAL, COKE","MEAT","GARBAGE, REFUSE, TRASH","U.S. MAIL","CHEMICALS","COMMODITIES DRY BULK","REFRIGERATED FOOD","BEVERAGES","PAPER PRODUCTS","UTILITY","FARM SUPPLIES","CONSTRUCTION","WATER WELL","OTHER",,,,,,,,,,,,,,,,,,,,,,,,,,,,,,,
"1000096","GENERAL FREIGHT","HOUSEHOLD GOODS","METAL; SHEETS, COILS, ROLLS","MOTOR VEHICLES","DRIVE AWAY/TOWAWAY","LOGS, POLES, BEAMS, LUMBER","BUILDING MATERIALS","MOBILE HOMES","MACHINERY, LARGE OBJECTS","FRESH PRODUCE","LIQUIDS/GASES","INTERMODAL CONTAINERS","PASSENGERS","OIL FIELD EQUIPMENT","LIVESTOCK","GRAIN, FEED, HAY","COAL, COKE","MEAT","GARBAGE, REFUSE, TRASH","U.S. MAIL","CHEMICALS","COMMODITIES DRY BULK","REFRIGERATED FOOD","BEVERAGES","PAPER PRODUCTS","UTILITY","FARM SUPPLIES","CONSTRUCTION","WATER WELL","XDOORS FRAMES HARDWARE",,,,,,,,,,,,,,,,,,,,,,,,,,,,,,,
"1000098","GENERAL FREIGHT","HOUSEHOLD GOODS","METAL; SHEETS, COILS, ROLLS","MOTOR VEHICLES","DRIVE AWAY/TOWAWAY","LOGS, POLES, BEAMS, LUMBER","BUILDING MATERIALS","MOBILE HOMES","MACHINERY, LARGE OBJECTS","FRESH PRODUCE","LIQUIDS/GASES","INTERMODAL CONTAINERS","PASSENGERS","OIL FIELD EQUIPMENT","LIVESTOCK","GRAIN, FEED, HAY","COAL, COKE","MEAT","GARBAGE, REFUSE, TRASH","U.S. MAIL","CHEMICALS","COMMODITIES DRY BULK","REFRIGERATED FOOD","BEVERAGES","PAPER PRODUCTS","UTILITY","FARM SUPPLIES","CONSTRUCTION","WATER WELL","XDIRT,ROCK,ASPHALT",,,,,,,,,,,,,,,,,,,,,,,,,,,,,,,
"1000099","XGENERAL FREIGHT","XHOUSEHOLD GOODS","METAL; SHEETS, COILS, ROLLS","XMOTOR VEHICLES","DRIVE AWAY/TOWAWAY","LOGS, POLES, BEAMS, LUMBER","BUILDING MATERIALS","MOBILE HOMES","MACHINERY, LARGE OBJECTS","FRESH PRODUCE","LIQUIDS/GASES","INTERMODAL CONTAINERS","PASSENGERS","OIL FIELD EQUIPMENT","LIVESTOCK","GRAIN, FEED, HAY","COAL, COKE","MEAT","GARBAGE, REFUSE, TRASH","U.S. MAIL","CHEMICALS","COMMODITIES DRY BULK","REFRIGERATED FOOD","BEVERAGES","PAPER PRODUCTS","UTILITY","FARM SUPPLIES","CONSTRUCTION","WATER WELL","OTHER",,,,,,,,,,,,,,,,,,,,,,,,,,,,,,,
"1000101","GENERAL FREIGHT","HOUSEHOLD GOODS","METAL; SHEETS, COILS, ROLLS","MOTOR VEHICLES","DRIVE AWAY/TOWAWAY","LOGS, POLES, BEAMS, LUMBER","BUILDING MATERIALS","MOBILE HOMES","MACHINERY, LARGE OBJECTS","FRESH PRODUCE","LIQUIDS/GASES","INTERMODAL CONTAINERS","PASSENGERS","OIL FIELD EQUIPMENT","LIVESTOCK","GRAIN, FEED, HAY","COAL, COKE","MEAT","GARBAGE, REFUSE, TRASH","U.S. MAIL","CHEMICALS","XCOMMODITIES DRY BULK","REFRIGERATED FOOD","BEVERAGES","PAPER PRODUCTS","UTILITY","FARM SUPPLIES","CONSTRUCTION","WATER WELL","XROCK,GRAVEL",,,,,,,,,,,,,,,,,,,,,,,,,,,,,,,
"1000102","GENERAL FREIGHT","HOUSEHOLD GOODS","METAL; SHEETS, COILS, ROLLS","MOTOR VEHICLES","DRIVE AWAY/TOWAWAY","XLOGS, POLES, BEAMS, LUMBER","XBUILDING MATERIALS","MOBILE HOMES","XMACHINERY, LARGE OBJECTS","FRESH PRODUCE","LIQUIDS/GASES","INTERMODAL CONTAINERS","PASSENGERS","OIL FIELD EQUIPMENT","LIVESTOCK","GRAIN, FEED, HAY","COAL, COKE","MEAT","GARBAGE, REFUSE, TRASH","U.S. MAIL","CHEMICALS","COMMODITIES DRY BULK","REFRIGERATED FOOD","BEVERAGES","PAPER PRODUCTS","UTILITY","FARM SUPPLIES","XCONSTRUCTION","WATER WELL","OTHER",,,,,,,,,,,,,,,,,,,,,,,,,,,,,,,
"1000105","GENERAL FREIGHT","HOUSEHOLD GOODS","METAL; SHEETS, COILS, ROLLS","MOTOR VEHICLES","DRIVE AWAY/TOWAWAY","LOGS, POLES, BEAMS, LUMBER","BUILDING MATERIALS","MOBILE HOMES","MACHINERY, LARGE OBJECTS","XFRESH PRODUCE","LIQUIDS/GASES","INTERMODAL CONTAINERS","PASSENGERS","OIL FIELD EQUIPMENT","LIVESTOCK","GRAIN, FEED, HAY","COAL, COKE","MEAT","GARBAGE, REFUSE, TRASH","U.S. MAIL","CHEMICALS","COMMODITIES DRY BULK","XREFRIGERATED FOOD","XBEVERAGES","PAPER PRODUCTS","UTILITY","FARM SUPPLIES","CONSTRUCTION","WATER WELL","OTHER",,,,,,,,,,,,,,,,,,,,,,,,,,,,,,,
"1000109","GENERAL FREIGHT","HOUSEHOLD GOODS","METAL; SHEETS, COILS, ROLLS","MOTOR VEHICLES","DRIVE AWAY/TOWAWAY","XLOGS, POLES, BEAMS, LUMBER","BUILDING MATERIALS","MOBILE HOMES","XMACHINERY, LARGE OBJECTS","FRESH PRODUCE","LIQUIDS/GASES","INTERMODAL CONTAINERS","PASSENGERS","OIL FIELD EQUIPMENT","LIVESTOCK","GRAIN, FEED, HAY","COAL, COKE","MEAT","GARBAGE, REFUSE, TRASH","U.S. MAIL","CHEMICALS","COMMODITIES DRY BULK","REFRIGERATED FOOD","BEVERAGES","PAPER PRODUCTS","UTILITY","FARM SUPPLIES","XCONSTRUCTION","WATER WELL","OTHER",,,,,,,,,,,,,,,,,,,,,,,,,,,,,,,
"100011","XGENERAL FREIGHT","HOUSEHOLD GOODS","METAL; SHEETS, COILS, ROLLS","MOTOR VEHICLES","DRIVE AWAY/TOWAWAY","LOGS, POLES, BEAMS, LUMBER","BUILDING MATERIALS","MOBILE HOMES","MACHINERY, LARGE OBJECTS","FRESH PRODUCE","XLIQUIDS/GASES","INTERMODAL CONTAINERS","PASSENGERS","OIL FIELD EQUIPMENT","LIVESTOCK","GRAIN, FEED, HAY","COAL, COKE","MEAT","GARBAGE, REFUSE, TRASH","U.S. MAIL","XCHEMICALS","XCOMMODITIES DRY BULK","REFRIGERATED FOOD","BEVERAGES","PAPER PRODUCTS","UTILITY","FARM SUPPLIES","CONSTRUCTION","WATER WELL","OTHER",,,,,,,,,,,,,,,,,,,,,,,,,,,,,,,
"1000119","GENERAL FREIGHT","HOUSEHOLD GOODS","METAL; SHEETS, COILS, ROLLS","MOTOR VEHICLES","DRIVE AWAY/TOWAWAY","LOGS, POLES, BEAMS, LUMBER","BUILDING MATERIALS","MOBILE HOMES","MACHINERY, LARGE OBJECTS","FRESH PRODUCE","LIQUIDS/GASES","INTERMODAL CONTAINERS","PASSENGERS","OIL FIELD EQUIPMENT","LIVESTOCK","GRAIN, FEED, HAY","COAL, COKE","MEAT","GARBAGE, REFUSE, TRASH","U.S. MAIL","CHEMICALS","COMMODITIES DRY BULK","REFRIGERATED FOOD","BEVERAGES","PAPER PRODUCTS","UTILITY","FARM SUPPLIES","XCONSTRUCTION","WATER WELL","OTHER",,,,,,,,,,,,,,,,,,,,,,,,,,,,,,,
"1000120","GENERAL FREIGHT","HOUSEHOLD GOODS","METAL; SHEETS, COILS, ROLLS","MOTOR VEHICLES","DRIVE AWAY/TOWAWAY","XLOGS, POLES, BEAMS, LUMBER","BUILDING MATERIALS","MOBILE HOMES","MACHINERY, LARGE OBJECTS","FRESH PRODUCE","LIQUIDS/GASES","INTERMODAL CONTAINERS","PASSENGERS","OIL FIELD EQUIPMENT","LIVESTOCK","GRAIN, FEED, HAY","COAL, COKE","MEAT","GARBAGE, REFUSE, TRASH","U.S. MAIL","CHEMICALS","COMMODITIES DRY BULK","REFRIGERATED FOOD","BEVERAGES","PAPER PRODUCTS","UTILITY","FARM SUPPLIES","CONSTRUCTION","WATER WELL","XMOBILE CRANE",,,,,,,,,,,,,,,,,,,,,,,,,,,,,,,
"1000122","GENERAL FREIGHT","HOUSEHOLD GOODS","METAL; SHEETS, COILS, ROLLS","MOTOR VEHICLES","DRIVE AWAY/TOWAWAY","LOGS, POLES, BEAMS, LUMBER","BUILDING MATERIALS","MOBILE HOMES","MACHINERY, LARGE OBJECTS","FRESH PRODUCE","LIQUIDS/GASES","INTERMODAL CONTAINERS","PASSENGERS","OIL FIELD EQUIPMENT","LIVESTOCK","GRAIN, FEED, HAY","COAL, COKE","MEAT","GARBAGE, REFUSE, TRASH","U.S. MAIL","CHEMICALS","COMMODITIES DRY BULK","REFRIGERATED FOOD","BEVERAGES","PAPER PRODUCTS","UTILITY","FARM SUPPLIES","XCONSTRUCTION","WATER WELL","OTHER",,,,,,,,,,,,,,,,,,,,,,,,,,,,,,,
"1000123","GENERAL FREIGHT","HOUSEHOLD GOODS","METAL; SHEETS, COILS, ROLLS","MOTOR VEHICLES","DRIVE AWAY/TOWAWAY","LOGS, POLES, BEAMS, LUMBER","BUILDING MATERIALS","MOBILE HOMES","MACHINERY, LARGE OBJECTS","FRESH PRODUCE","LIQUIDS/GASES","INTERMODAL CONTAINERS","PASSENGERS","OIL FIELD EQUIPMENT","LIVESTOCK","GRAIN, FEED, HAY","COAL, COKE","MEAT","GARBAGE, REFUSE, TRASH","U.S. MAIL","CHEMICALS","COMMODITIES DRY BULK","REFRIGERATED FOOD","BEVERAGES","PAPER PRODUCTS","UTILITY","FARM SUPPLIES","XCONSTRUCTION","WATER WELL","OTHER",,,,,,,,,,,,,,,,,,,,,,,,,,,,,,,
"1000129","GENERAL FREIGHT","HOUSEHOLD GOODS","METAL; SHEETS, COILS, ROLLS","MOTOR VEHICLES","DRIVE AWAY/TOWAWAY","LOGS, POLES, BEAMS, LUMBER","BUILDING MATERIALS","MOBILE HOMES","XMACHINERY, LARGE OBJECTS","FRESH PRODUCE","LIQUIDS/GASES","INTERMODAL CONTAINERS","PASSENGERS","OIL FIELD EQUIPMENT","LIVESTOCK","GRAIN, FEED, HAY","COAL, COKE","MEAT","GARBAGE, REFUSE, TRASH","U.S. MAIL","CHEMICALS","COMMODITIES DRY BULK","REFRIGERATED FOOD","BEVERAGES","PAPER PRODUCTS","UTILITY","FARM SUPPLIES","XCONSTRUCTION","WATER WELL","XROCK,DIRT",,,,,,,,,,,,,,,,,,,,,,,,,,,,,,,
"1000130","GENERAL FREIGHT","HOUSEHOLD GOODS","METAL; SHEETS, COILS, ROLLS","MOTOR VEHICLES","DRIVE AWAY/TOWAWAY","LOGS, POLES, BEAMS, LUMBER","XBUILDING MATERIALS","MOBILE HOMES","MACHINERY, LARGE OBJECTS","FRESH PRODUCE","LIQUIDS/GASES","INTERMODAL CONTAINERS","PASSENGERS","OIL FIELD EQUIPMENT","LIVESTOCK","GRAIN, FEED, HAY","COAL, COKE","MEAT","GARBAGE, REFUSE, TRASH","U.S. MAIL","CHEMICALS","COMMODITIES DRY BULK","REFRIGERATED FOOD","BEVERAGES","PAPER PRODUCTS","UTILITY","FARM SUPPLIES","CONSTRUCTION","WATER WELL","OTHER",,,,,,,,,,,,,,,,,,,,,,,,,,,,,,,
"1000132","XGENERAL FREIGHT","HOUSEHOLD GOODS","METAL; SHEETS, COILS, ROLLS","MOTOR VEHICLES","DRIVE AWAY/TOWAWAY","LOGS, POLES, BEAMS, LUMBER","BUILDING MATERIALS","MOBILE HOMES","MACHINERY, LARGE OBJECTS","FRESH PRODUCE","LIQUIDS/GASES","INTERMODAL CONTAINERS","PASSENGERS","OIL FIELD EQUIPMENT","LIVESTOCK","GRAIN, FEED, HAY","COAL, COKE","MEAT","GARBAGE, REFUSE, TRASH","U.S. MAIL","CHEMICALS","COMMODITIES DRY BULK","REFRIGERATED FOOD","BEVERAGES","PAPER PRODUCTS","UTILITY","FARM SUPPLIES","CONSTRUCTION","WATER WELL","OTHER",,,,,,,,,,,,,,,,,,,,,,,,,,,,,,,
"1000133","XGENERAL FREIGHT","XHOUSEHOLD GOODS","METAL; SHEETS, COILS, ROLLS","MOTOR VEHICLES","DRIVE AWAY/TOWAWAY","LOGS, POLES, BEAMS, LUMBER","XBUILDING MATERIALS","MOBILE HOMES","MACHINERY, LARGE OBJECTS","FRESH PRODUCE","XLIQUIDS/GASES","INTERMODAL CONTAINERS","PASSENGERS","OIL FIELD EQUIPMENT","LIVESTOCK","GRAIN, FEED, HAY","COAL, COKE","MEAT","GARBAGE, REFUSE, TRASH","U.S. MAIL","CHEMICALS","XCOMMODITIES DRY BULK","REFRIGERATED FOOD","XBEVERAGES","XPAPER PRODUCTS","UTILITY","XFARM SUPPLIES","XCONSTRUCTION","WATER WELL","OTHER",,,,,,,,,,,,,,,,,,,,,,,,,,,,,,,
"1000139","GENERAL FREIGHT","HOUSEHOLD GOODS","METAL; SHEETS, COILS, ROLLS","MOTOR VEHICLES","DRIVE AWAY/TOWAWAY","LOGS, POLES, BEAMS, LUMBER","BUILDING MATERIALS","MOBILE HOMES","MACHINERY, LARGE OBJECTS","FRESH PRODUCE","LIQUIDS/GASES","INTERMODAL CONTAINERS","PASSENGERS","OIL FIELD EQUIPMENT","LIVESTOCK","GRAIN, FEED, HAY","COAL, COKE","MEAT","GARBAGE, REFUSE, TRASH","U.S. MAIL","CHEMICALS","COMMODITIES DRY BULK","REFRIGERATED FOOD","BEVERAGES","PAPER PRODUCTS","UTILITY","FARM SUPPLIES","CONSTRUCTION","WATER WELL","XDIRT,ROCK,SAND",,,,,,,,,,,,,,,,,,,,,,,,,,,,,,,
"1000140","GENERAL FREIGHT","HOUSEHOLD GOODS","METAL; SHEETS, COILS, ROLLS","MOTOR VEHICLES","DRIVE AWAY/TOWAWAY","LOGS, POLES, BEAMS, LUMBER","BUILDING MATERIALS","MOBILE HOMES","MACHINERY, LARGE OBJECTS","FRESH PRODUCE","LIQUIDS/GASES","INTERMODAL CONTAINERS","PASSENGERS","OIL FIELD EQUIPMENT","LIVESTOCK","GRAIN, FEED, HAY","COAL, COKE","MEAT","GARBAGE, REFUSE, TRASH","U.S. MAIL","CHEMICALS","XCOMMODITIES DRY BULK","REFRIGERATED FOOD","BEVERAGES","PAPER PRODUCTS","UTILITY","FARM SUPPLIES","CONSTRUCTION","WATER WELL","XLIQUID WASTE",,,,,,,,,,,,,,,,,,,,,,,,,,,,,,,
"1000143","GENERAL FREIGHT","HOUSEHOLD GOODS","METAL; SHEETS, COILS, ROLLS","MOTOR VEHICLES","DRIVE AWAY/TOWAWAY","LOGS, POLES, BEAMS, LUMBER","XBUILDING MATERIALS","MOBILE HOMES","MACHINERY, LARGE OBJECTS","FRESH PRODUCE","LIQUIDS/GASES","INTERMODAL CONTAINERS","PASSENGERS","OIL FIELD EQUIPMENT","LIVESTOCK","GRAIN, FEED, HAY","COAL, COKE","MEAT","GARBAGE, REFUSE, TRASH","U.S. MAIL","CHEMICALS","COMMODITIES DRY BULK","REFRIGERATED FOOD","BEVERAGES","PAPER PRODUCTS","UTILITY","FARM SUPPLIES","XCONSTRUCTION","WATER WELL","XCONCRETE,GRAVEL",,,,,,,,,,,,,,,,,,,,,,,,,,,,,,,
"1000144","GENERAL FREIGHT","HOUSEHOLD GOODS","METAL; SHEETS, COILS, ROLLS","MOTOR VEHICLES","DRIVE AWAY/TOWAWAY","LOGS, POLES, BEAMS, LUMBER","BUILDING MATERIALS","MOBILE HOMES","MACHINERY, LARGE OBJECTS","FRESH PRODUCE","LIQUIDS/GASES","INTERMODAL CONTAINERS","PASSENGERS","OIL FIELD EQUIPMENT","LIVESTOCK","GRAIN, FEED, HAY","COAL, COKE","MEAT","GARBAGE, REFUSE, TRASH","U.S. MAIL","CHEMICALS","XCOMMODITIES DRY BULK","REFRIGERATED FOOD","BEVERAGES","PAPER PRODUCTS","UTILITY","FARM SUPPLIES","XCONSTRUCTION","WATER WELL","OTHER",,,,,,,,,,,,,,,,,,,,,,,,,,,,,,,
"1000147","GENERAL FREIGHT","HOUSEHOLD GOODS","METAL; SHEETS, COILS, ROLLS","XMOTOR VEHICLES","XDRIVE AWAY/TOWAWAY","LOGS, POLES, BEAMS, LUMBER","BUILDING MATERIALS","MOBILE HOMES","MACHINERY, LARGE OBJECTS","FRESH PRODUCE","LIQUIDS/GASES","INTERMODAL CONTAINERS","PASSENGERS","OIL FIELD EQUIPMENT","LIVESTOCK","GRAIN, FEED, HAY","COAL, COKE","MEAT","GARBAGE, REFUSE, TRASH","U.S. MAIL","CHEMICALS","COMMODITIES DRY BULK","REFRIGERATED FOOD","BEVERAGES","PAPER PRODUCTS","UTILITY","FARM SUPPLIES","CONSTRUCTION","WATER WELL","OTHER",,,,,,,,,,,,,,,,,,,,,,,,,,,,,,,
"1000149","GENERAL FREIGHT","HOUSEHOLD GOODS","METAL; SHEETS, COILS, ROLLS","MOTOR VEHICLES","DRIVE AWAY/TOWAWAY","LOGS, POLES, BEAMS, LUMBER","BUILDING MATERIALS","MOBILE HOMES","XMACHINERY, LARGE OBJECTS","FRESH PRODUCE","LIQUIDS/GASES","INTERMODAL CONTAINERS","PASSENGERS","OIL FIELD EQUIPMENT","LIVESTOCK","XGRAIN, FEED, HAY","COAL, COKE","MEAT","GARBAGE, REFUSE, TRASH","U.S. MAIL","CHEMICALS","COMMODITIES DRY BULK","REFRIGERATED FOOD","BEVERAGES","PAPER PRODUCTS","UTILITY","XFARM SUPPLIES","CONSTRUCTION","WATER WELL","OTHER",,,,,,,,,,,,,,,,,,,,,,,,,,,,,,,
"1000155","GENERAL FREIGHT","HOUSEHOLD GOODS","METAL; SHEETS, COILS, ROLLS","MOTOR VEHICLES","DRIVE AWAY/TOWAWAY","LOGS, POLES, BEAMS, LUMBER","BUILDING MATERIALS","MOBILE HOMES","MACHINERY, LARGE OBJECTS","FRESH PRODUCE","LIQUIDS/GASES","INTERMODAL CONTAINERS","PASSENGERS","OIL FIELD EQUIPMENT","LIVESTOCK","GRAIN, FEED, HAY","COAL, COKE","MEAT","GARBAGE, REFUSE, TRASH","U.S. MAIL","CHEMICALS","COMMODITIES DRY BULK","REFRIGERATED FOOD","BEVERAGES","PAPER PRODUCTS","UTILITY","FARM SUPPLIES","XCONSTRUCTION","WATER WELL","XFILL DIRT, SHELL",,,,,,,,,,,,,,,,,,,,,,,,,,,,,,,
"1000156","XGENERAL FREIGHT","HOUSEHOLD GOODS","XMETAL; SHEETS, COILS, ROLLS","MOTOR VEHICLES","DRIVE AWAY/TOWAWAY","XLOGS, POLES, BEAMS, LUMBER","BUILDING MATERIALS","MOBILE HOMES","XMACHINERY, LARGE OBJECTS","FRESH PRODUCE","LIQUIDS/GASES","INTERMODAL CONTAINERS","PASSENGERS","OIL FIELD EQUIPMENT","LIVESTOCK","GRAIN, FEED, HAY","COAL, COKE","MEAT","GARBAGE, REFUSE, TRASH","U.S. MAIL","CHEMICALS","COMMODITIES DRY BULK","REFRIGERATED FOOD","BEVERAGES","PAPER PRODUCTS","XUTILITY","XFARM SUPPLIES","CONSTRUCTION","WATER WELL","OTHER",,,,,,,,,,,,,,,,,,,,,,,,,,,,,,,
"1000158","GENERAL FREIGHT","HOUSEHOLD GOODS","METAL; SHEETS, COILS, ROLLS","MOTOR VEHICLES","DRIVE AWAY/TOWAWAY","LOGS, POLES, BEAMS, LUMBER","BUILDING MATERIALS","MOBILE HOMES","MACHINERY, LARGE OBJECTS","FRESH PRODUCE","LIQUIDS/GASES","INTERMODAL CONTAINERS","PASSENGERS","OIL FIELD EQUIPMENT","LIVESTOCK","GRAIN, FEED, HAY","COAL, COKE","MEAT","GARBAGE, REFUSE, TRASH","U.S. MAIL","CHEMICALS","COMMODITIES DRY BULK","REFRIGERATED FOOD","BEVERAGES","PAPER PRODUCTS","UTILITY","FARM SUPPLIES","CONSTRUCTION","WATER WELL","XSAND/ DIRT",,,,,,,,,,,,,,,,,,,,,,,,,,,,,,,
"1000165","XGENERAL FREIGHT","HOUSEHOLD GOODS","METAL; SHEETS, COILS, ROLLS","MOTOR VEHICLES","DRIVE AWAY/TOWAWAY","LOGS, POLES, BEAMS, LUMBER","BUILDING MATERIALS","MOBILE HOMES","MACHINERY, LARGE OBJECTS","FRESH PRODUCE","LIQUIDS/GASES","INTERMODAL CONTAINERS","PASSENGERS","OIL FIELD EQUIPMENT","LIVESTOCK","GRAIN, FEED, HAY","COAL, COKE","MEAT","GARBAGE, REFUSE, TRASH","U.S. MAIL","CHEMICALS","COMMODITIES DRY BULK","REFRIGERATED FOOD","BEVERAGES","PAPER PRODUCTS","UTILITY","FARM SUPPLIES","CONSTRUCTION","WATER WELL","OTHER",,,,,,,,,,,,,,,,,,,,,,,,,,,,,,,
"1000169","XGENERAL FREIGHT","HOUSEHOLD GOODS","METAL; SHEETS, COILS, ROLLS","MOTOR VEHICLES","DRIVE AWAY/TOWAWAY","LOGS, POLES, BEAMS, LUMBER","BUILDING MATERIALS","MOBILE HOMES","MACHINERY, LARGE OBJECTS","FRESH PRODUCE","LIQUIDS/GASES","INTERMODAL CONTAINERS","PASSENGERS","OIL FIELD EQUIPMENT","LIVESTOCK","GRAIN, FEED, HAY","COAL, COKE","MEAT","GARBAGE, REFUSE, TRASH","U.S. MAIL","CHEMICALS","COMMODITIES DRY BULK","REFRIGERATED FOOD","BEVERAGES","PAPER PRODUCTS","UTILITY","FARM SUPPLIES","CONSTRUCTION","WATER WELL","XSALT/SAND MULCH",,,,,,,,,,,,,,,,,,,,,,,,,,,,,,,
"1000171","GENERAL FREIGHT","HOUSEHOLD GOODS","METAL; SHEETS, COILS, ROLLS","MOTOR VEHICLES","DRIVE AWAY/TOWAWAY","XLOGS, POLES, BEAMS, LUMBER","XBUILDING MATERIALS","MOBILE HOMES","MACHINERY, LARGE OBJECTS","FRESH PRODUCE","LIQUIDS/GASES","INTERMODAL CONTAINERS","PASSENGERS","OIL FIELD EQUIPMENT","LIVESTOCK","GRAIN, FEED, HAY","COAL, COKE","MEAT","GARBAGE, REFUSE, TRASH","U.S. MAIL","CHEMICALS","COMMODITIES DRY BULK","REFRIGERATED FOOD","BEVERAGES","PAPER PRODUCTS","UTILITY","FARM SUPPLIES","CONSTRUCTION","WATER WELL","XGRAVEL, ROCK",,,,,,,,,,,,,,,,,,,,,,,,,,,,,,,
"1000172","GENERAL FREIGHT","HOUSEHOLD GOODS","METAL; SHEETS, COILS, ROLLS","MOTOR VEHICLES","DRIVE AWAY/TOWAWAY","LOGS, POLES, BEAMS, LUMBER","BUILDING MATERIALS","MOBILE HOMES","XMACHINERY, LARGE OBJECTS","FRESH PRODUCE","LIQUIDS/GASES","INTERMODAL CONTAINERS","PASSENGERS","OIL FIELD EQUIPMENT","LIVESTOCK","GRAIN, FEED, HAY","COAL, COKE","MEAT","GARBAGE, REFUSE, TRASH","U.S. MAIL","CHEMICALS","COMMODITIES DRY BULK","REFRIGERATED FOOD","BEVERAGES","PAPER PRODUCTS","UTILITY","FARM SUPPLIES","XCONSTRUCTION","WATER WELL","XSTONE",,,,,,,,,,,,,,,,,,,,,,,,,,,,,,,
"1000174","GENERAL FREIGHT","HOUSEHOLD GOODS","XMETAL; SHEETS, COILS, ROLLS","MOTOR VEHICLES","DRIVE AWAY/TOWAWAY","LOGS, POLES, BEAMS, LUMBER","XBUILDING MATERIALS","MOBILE HOMES","XMACHINERY, LARGE OBJECTS","FRESH PRODUCE","LIQUIDS/GASES","INTERMODAL CONTAINERS","PASSENGERS","OIL FIELD EQUIPMENT","LIVESTOCK","GRAIN, FEED, HAY","COAL, COKE","MEAT","GARBAGE, REFUSE, TRASH","U.S. MAIL","CHEMICALS","COMMODITIES DRY BULK","REFRIGERATED FOOD","BEVERAGES","PAPER PRODUCTS","UTILITY","FARM SUPPLIES","XCONSTRUCTION","WATER WELL","OTHER",,,,,,,,,,,,,,,,,,,,,,,,,,,,,,,
"1000178","GENERAL FREIGHT","HOUSEHOLD GOODS","METAL; SHEETS, COILS, ROLLS","XMOTOR VEHICLES","DRIVE AWAY/TOWAWAY","LOGS, POLES, BEAMS, LUMBER","BUILDING MATERIALS","MOBILE HOMES","MACHINERY, LARGE OBJECTS","FRESH PRODUCE","LIQUIDS/GASES","INTERMODAL CONTAINERS","PASSENGERS","OIL FIELD EQUIPMENT","LIVESTOCK","GRAIN, FEED, HAY","COAL, COKE","MEAT","GARBAGE, REFUSE, TRASH","U.S. MAIL","CHEMICALS","COMMODITIES DRY BULK","REFRIGERATED FOOD","BEVERAGES","PAPER PRODUCTS","UTILITY","FARM SUPPLIES","CONSTRUCTION","WATER WELL","OTHER",,,,,,,,,,,,,,,,,,,,,,,,,,,,,,,
"100018","GENERAL FREIGHT","HOUSEHOLD GOODS","METAL; SHEETS, COILS, ROLLS","XMOTOR VEHICLES","XDRIVE AWAY/TOWAWAY","LOGS, POLES, BEAMS, LUMBER","BUILDING MATERIALS","MOBILE HOMES","MACHINERY, LARGE OBJECTS","FRESH PRODUCE","LIQUIDS/GASES","INTERMODAL CONTAINERS","PASSENGERS","OIL FIELD EQUIPMENT","LIVESTOCK","GRAIN, FEED, HAY","COAL, COKE","MEAT","GARBAGE, REFUSE, TRASH","U.S. MAIL","CHEMICALS","COMMODITIES DRY BULK","REFRIGERATED FOOD","BEVERAGES","PAPER PRODUCTS","UTILITY","FARM SUPPLIES","CONSTRUCTION","WATER WELL","OTHER",,,,,,,,,,,,,,,,,,,,,,,,,,,,,,,
"1000180","GENERAL FREIGHT","HOUSEHOLD GOODS","METAL; SHEETS, COILS, ROLLS","MOTOR VEHICLES","DRIVE AWAY/TOWAWAY","XLOGS, POLES, BEAMS, LUMBER","BUILDING MATERIALS","MOBILE HOMES","XMACHINERY, LARGE OBJECTS","FRESH PRODUCE","LIQUIDS/GASES","INTERMODAL CONTAINERS","PASSENGERS","OIL FIELD EQUIPMENT","LIVESTOCK","GRAIN, FEED, HAY","XCOAL, COKE","MEAT","GARBAGE, REFUSE, TRASH","U.S. MAIL","CHEMICALS","COMMODITIES DRY BULK","REFRIGERATED FOOD","BEVERAGES","PAPER PRODUCTS","UTILITY","FARM SUPPLIES","CONSTRUCTION","WATER WELL","OTHER",,,,,,,,,,,,,,,,,,,,,,,,,,,,,,,
"1000181","GENERAL FREIGHT","HOUSEHOLD GOODS","METAL; SHEETS, COILS, ROLLS","MOTOR VEHICLES","DRIVE AWAY/TOWAWAY","LOGS, POLES, BEAMS, LUMBER","BUILDING MATERIALS","MOBILE HOMES","XMACHINERY, LARGE OBJECTS","FRESH PRODUCE","LIQUIDS/GASES","INTERMODAL CONTAINERS","PASSENGERS","OIL FIELD EQUIPMENT","LIVESTOCK","XGRAIN, FEED, HAY","COAL, COKE","MEAT","GARBAGE, REFUSE, TRASH","U.S. MAIL","CHEMICALS","COMMODITIES DRY BULK","REFRIGERATED FOOD","BEVERAGES","PAPER PRODUCTS","UTILITY","XFARM SUPPLIES","CONSTRUCTION","WATER WELL","OTHER",,,,,,,,,,,,,,,,,,,,,,,,,,,,,,,
"1000182","GENERAL FREIGHT","HOUSEHOLD GOODS","METAL; SHEETS, COILS, ROLLS","MOTOR VEHICLES","DRIVE AWAY/TOWAWAY","LOGS, POLES, BEAMS, LUMBER","BUILDING MATERIALS","MOBILE HOMES","MACHINERY, LARGE OBJECTS","XFRESH PRODUCE","LIQUIDS/GASES","INTERMODAL CONTAINERS","PASSENGERS","OIL FIELD EQUIPMENT","LIVESTOCK","GRAIN, FEED, HAY","COAL, COKE","XMEAT","GARBAGE, REFUSE, TRASH","U.S. MAIL","CHEMICALS","COMMODITIES DRY BULK","XREFRIGERATED FOOD","BEVERAGES","PAPER PRODUCTS","UTILITY","FARM SUPPLIES","CONSTRUCTION","WATER WELL","OTHER",,,,,,,,,,,,,,,,,,,,,,,,,,,,,,,
"1000184","GENERAL FREIGHT","HOUSEHOLD GOODS","METAL; SHEETS, COILS, ROLLS","MOTOR VEHICLES","DRIVE AWAY/TOWAWAY","LOGS, POLES, BEAMS, LUMBER","BUILDING MATERIALS","MOBILE HOMES","MACHINERY, LARGE OBJECTS","FRESH PRODUCE","LIQUIDS/GASES","INTERMODAL CONTAINERS","PASSENGERS","OIL FIELD EQUIPMENT","LIVESTOCK","GRAIN, FEED, HAY","COAL, COKE","MEAT","GARBAGE, REFUSE, TRASH","U.S. MAIL","CHEMICALS","COMMODITIES DRY BULK","REFRIGERATED FOOD","BEVERAGES","PAPER PRODUCTS","UTILITY","FARM SUPPLIES","XCONSTRUCTION","WATER WELL","OTHER",,,,,,,,,,,,,,,,,,,,,,,,,,,,,,,
"1000185","GENERAL FREIGHT","HOUSEHOLD GOODS","METAL; SHEETS, COILS, ROLLS","MOTOR VEHICLES","DRIVE AWAY/TOWAWAY","LOGS, POLES, BEAMS, LUMBER","BUILDING MATERIALS","MOBILE HOMES","MACHINERY, LARGE OBJECTS","FRESH PRODUCE","LIQUIDS/GASES","INTERMODAL CONTAINERS","PASSENGERS","OIL FIELD EQUIPMENT","LIVESTOCK","GRAIN, FEED, HAY","COAL, COKE","MEAT","GARBAGE, REFUSE, TRASH","U.S. MAIL","CHEMICALS","COMMODITIES DRY BULK","REFRIGERATED FOOD","BEVERAGES","PAPER PRODUCTS","UTILITY","FARM SUPPLIES","CONSTRUCTION","WATER WELL","XDIRT",,,,,,,,,,,,,,,,,,,,,,,,,,,,,,,
"1000186","XGENERAL FREIGHT","HOUSEHOLD GOODS","METAL; SHEETS, COILS, ROLLS","XMOTOR VEHICLES","DRIVE AWAY/TOWAWAY","LOGS, POLES, BEAMS, LUMBER","BUILDING MATERIALS","MOBILE HOMES","XMACHINERY, LARGE OBJECTS","FRESH PRODUCE","LIQUIDS/GASES","INTERMODAL CONTAINERS","PASSENGERS","OIL FIELD EQUIPMENT","LIVESTOCK","GRAIN, FEED, HAY","COAL, COKE","MEAT","GARBAGE, REFUSE, TRASH","U.S. MAIL","CHEMICALS","COMMODITIES DRY BULK","REFRIGERATED FOOD","BEVERAGES","PAPER PRODUCTS","UTILITY","FARM SUPPLIES","XCONSTRUCTION","WATER WELL","OTHER",,,,,,,,,,,,,,,,,,,,,,,,,,,,,,,
"1000187","GENERAL FREIGHT","HOUSEHOLD GOODS","METAL; SHEETS, COILS, ROLLS","MOTOR VEHICLES","DRIVE AWAY/TOWAWAY","XLOGS, POLES, BEAMS, LUMBER","BUILDING MATERIALS","MOBILE HOMES","MACHINERY, LARGE OBJECTS","FRESH PRODUCE","LIQUIDS/GASES","INTERMODAL CONTAINERS","PASSENGERS","OIL FIELD EQUIPMENT","LIVESTOCK","GRAIN, FEED, HAY","COAL, COKE","MEAT","GARBAGE, REFUSE, TRASH","U.S. MAIL","CHEMICALS","COMMODITIES DRY BULK","REFRIGERATED FOOD","BEVERAGES","PAPER PRODUCTS","UTILITY","FARM SUPPLIES","CONSTRUCTION","WATER WELL","OTHER",,,,,,,,,,,,,,,,,,,,,,,,,,,,,,,
"1000188","GENERAL FREIGHT","HOUSEHOLD GOODS","METAL; SHEETS, COILS, ROLLS","MOTOR VEHICLES","DRIVE AWAY/TOWAWAY","LOGS, POLES, BEAMS, LUMBER","XBUILDING MATERIALS","MOBILE HOMES","MACHINERY, LARGE OBJECTS","FRESH PRODUCE","LIQUIDS/GASES","INTERMODAL CONTAINERS","PASSENGERS","OIL FIELD EQUIPMENT","LIVESTOCK","GRAIN, FEED, HAY","COAL, COKE","MEAT","GARBAGE, REFUSE, TRASH","U.S. MAIL","CHEMICALS","COMMODITIES DRY BULK","REFRIGERATED FOOD","BEVERAGES","PAPER PRODUCTS","UTILITY","FARM SUPPLIES","CONSTRUCTION","WATER WELL","XDIRT, GRAVEL, SAND",,,,,,,,,,,,,,,,,,,,,,,,,,,,,,,
"1000189","GENERAL FREIGHT","HOUSEHOLD GOODS","METAL; SHEETS, COILS, ROLLS","XMOTOR VEHICLES","DRIVE AWAY/TOWAWAY","LOGS, POLES, BEAMS, LUMBER","BUILDING MATERIALS","MOBILE HOMES","MACHINERY, LARGE OBJECTS","FRESH PRODUCE","LIQUIDS/GASES","INTERMODAL CONTAINERS","PASSENGERS","OIL FIELD EQUIPMENT","LIVESTOCK","GRAIN, FEED, HAY","COAL, COKE","MEAT","GARBAGE, REFUSE, TRASH","U.S. MAIL","CHEMICALS","COMMODITIES DRY BULK","REFRIGERATED FOOD","BEVERAGES","PAPER PRODUCTS","UTILITY","FARM SUPPLIES","CONSTRUCTION","WATER WELL","OTHER",,,,,,,,,,,,,,,,,,,,,,,,,,,,,,,
"1000191","GENERAL FREIGHT","HOUSEHOLD GOODS","METAL; SHEETS, COILS, ROLLS","MOTOR VEHICLES","DRIVE AWAY/TOWAWAY","LOGS, POLES, BEAMS, LUMBER","BUILDING MATERIALS","MOBILE HOMES","MACHINERY, LARGE OBJECTS","FRESH PRODUCE","XLIQUIDS/GASES","INTERMODAL CONTAINERS","PASSENGERS","OIL FIELD EQUIPMENT","LIVESTOCK","GRAIN, FEED, HAY","COAL, COKE","MEAT","GARBAGE, REFUSE, TRASH","U.S. MAIL","CHEMICALS","COMMODITIES DRY BULK","REFRIGERATED FOOD","BEVERAGES","PAPER PRODUCTS","UTILITY","FARM SUPPLIES","CONSTRUCTION","WATER WELL","OTHER",,,,,,,,,,,,,,,,,,,,,,,,,,,,,,,
"1000194","GENERAL FREIGHT","HOUSEHOLD GOODS","METAL; SHEETS, COILS, ROLLS","MOTOR VEHICLES","DRIVE AWAY/TOWAWAY","LOGS, POLES, BEAMS, LUMBER","BUILDING MATERIALS","MOBILE HOMES","XMACHINERY, LARGE OBJECTS","FRESH PRODUCE","LIQUIDS/GASES","INTERMODAL CONTAINERS","PASSENGERS","OIL FIELD EQUIPMENT","LIVESTOCK","GRAIN, FEED, HAY","COAL, COKE","MEAT","XGARBAGE, REFUSE, TRASH","U.S. MAIL","CHEMICALS","COMMODITIES DRY BULK","REFRIGERATED FOOD","BEVERAGES","PAPER PRODUCTS","UTILITY","FARM SUPPLIES","XCONSTRUCTION","WATER WELL","OTHER",,,,,,,,,,,,,,,,,,,,,,,,,,,,,,,
"1000196","GENERAL FREIGHT","HOUSEHOLD GOODS","METAL; SHEETS, COILS, ROLLS","MOTOR VEHICLES","DRIVE AWAY/TOWAWAY","LOGS, POLES, BEAMS, LUMBER","BUILDING MATERIALS","MOBILE HOMES","XMACHINERY, LARGE OBJECTS","FRESH PRODUCE","LIQUIDS/GASES","INTERMODAL CONTAINERS","PASSENGERS","OIL FIELD EQUIPMENT","LIVESTOCK","GRAIN, FEED, HAY","COAL, COKE","MEAT","GARBAGE, REFUSE, TRASH","U.S. MAIL","CHEMICALS","COMMODITIES DRY BULK","REFRIGERATED FOOD","BEVERAGES","PAPER PRODUCTS","UTILITY","FARM SUPPLIES","CONSTRUCTION","WATER WELL","XAGGREGATES,",,,,,,,,,,,,,,,,,,,,,,,,,,,,,,,
"1000198","GENERAL FREIGHT","HOUSEHOLD GOODS","METAL; SHEETS, COILS, ROLLS","MOTOR VEHICLES","DRIVE AWAY/TOWAWAY","LOGS, POLES, BEAMS, LUMBER","BUILDING MATERIALS","MOBILE HOMES","MACHINERY, LARGE OBJECTS","FRESH PRODUCE","LIQUIDS/GASES","INTERMODAL CONTAINERS","PASSENGERS","OIL FIELD EQUIPMENT","LIVESTOCK","GRAIN, FEED, HAY","COAL, COKE","MEAT","GARBAGE, REFUSE, TRASH","U.S. MAIL","CHEMICALS","COMMODITIES DRY BULK","REFRIGERATED FOOD","BEVERAGES","PAPER PRODUCTS","UTILITY","FARM SUPPLIES","XCONSTRUCTION","WATER WELL","OTHER",,,,,,,,,,,,,,,,,,,,,,,,,,,,,,,
"1000201","GENERAL FREIGHT","HOUSEHOLD GOODS","METAL; SHEETS, COILS, ROLLS","MOTOR VEHICLES","DRIVE AWAY/TOWAWAY","LOGS, POLES, BEAMS, LUMBER","BUILDING MATERIALS","MOBILE HOMES","MACHINERY, LARGE OBJECTS","XFRESH PRODUCE","LIQUIDS/GASES","INTERMODAL CONTAINERS","PASSENGERS","OIL FIELD EQUIPMENT","LIVESTOCK","GRAIN, FEED, HAY","COAL, COKE","MEAT","GARBAGE, REFUSE, TRASH","U.S. MAIL","CHEMICALS","COMMODITIES DRY BULK","REFRIGERATED FOOD","BEVERAGES","PAPER PRODUCTS","UTILITY","XFARM SUPPLIES","CONSTRUCTION","WATER WELL","XFERTILIZER",,,,,,,,,,,,,,,,,,,,,,,,,,,,,,,
"1000204","GENERAL FREIGHT","HOUSEHOLD GOODS","METAL; SHEETS, COILS, ROLLS","MOTOR VEHICLES","DRIVE AWAY/TOWAWAY","LOGS, POLES, BEAMS, LUMBER","BUILDING MATERIALS","MOBILE HOMES","XMACHINERY, LARGE OBJECTS","FRESH PRODUCE","LIQUIDS/GASES","INTERMODAL CONTAINERS","PASSENGERS","OIL FIELD EQUIPMENT","LIVESTOCK","GRAIN, FEED, HAY","COAL, COKE","MEAT","GARBAGE, REFUSE, TRASH","U.S. MAIL","CHEMICALS","COMMODITIES DRY BULK","REFRIGERATED FOOD","BEVERAGES","PAPER PRODUCTS","UTILITY","FARM SUPPLIES","XCONSTRUCTION","WATER WELL","XAGGREGATE",,,,,,,,,,,,,,,,,,,,,,,,,,,,,,,
"1000207","GENERAL FREIGHT","HOUSEHOLD GOODS","METAL; SHEETS, COILS, ROLLS","MOTOR VEHICLES","DRIVE AWAY/TOWAWAY","LOGS, POLES, BEAMS, LUMBER","XBUILDING MATERIALS","MOBILE HOMES","MACHINERY, LARGE OBJECTS","FRESH PRODUCE","LIQUIDS/GASES","INTERMODAL CONTAINERS","PASSENGERS","OIL FIELD EQUIPMENT","LIVESTOCK","GRAIN, FEED, HAY","COAL, COKE","MEAT","GARBAGE, REFUSE, TRASH","U.S. MAIL","CHEMICALS","COMMODITIES DRY BULK","REFRIGERATED FOOD","BEVERAGES","PAPER PRODUCTS","UTILITY","FARM SUPPLIES","CONSTRUCTION","WATER WELL","OTHER",,,,,,,,,,,,,,,,,,,,,,,,,,,,,,,
"1000209","XGENERAL FREIGHT","HOUSEHOLD GOODS","METAL; SHEETS, COILS, ROLLS","MOTOR VEHICLES","DRIVE AWAY/TOWAWAY","LOGS, POLES, BEAMS, LUMBER","BUILDING MATERIALS","MOBILE HOMES","MACHINERY, LARGE OBJECTS","FRESH PRODUCE","LIQUIDS/GASES","INTERMODAL CONTAINERS","PASSENGERS","OIL FIELD EQUIPMENT","LIVESTOCK","GRAIN, FEED, HAY","COAL, COKE","MEAT","GARBAGE, REFUSE, TRASH","U.S. MAIL","CHEMICALS","COMMODITIES DRY BULK","REFRIGERATED FOOD","BEVERAGES","PAPER PRODUCTS","UTILITY","FARM SUPPLIES","CONSTRUCTION","WATER WELL","OTHER",,,,,,,,,,,,,,,,,,,,,,,,,,,,,,,
"1000210","GENERAL FREIGHT","HOUSEHOLD GOODS","METAL; SHEETS, COILS, ROLLS","MOTOR VEHICLES","DRIVE AWAY/TOWAWAY","LOGS, POLES, BEAMS, LUMBER","XBUILDING MATERIALS","MOBILE HOMES","MACHINERY, LARGE OBJECTS","FRESH PRODUCE","LIQUIDS/GASES","INTERMODAL CONTAINERS","PASSENGERS","OIL FIELD EQUIPMENT","LIVESTOCK","GRAIN, FEED, HAY","COAL, COKE","MEAT","GARBAGE, REFUSE, TRASH","U.S. MAIL","CHEMICALS","COMMODITIES DRY BULK","REFRIGERATED FOOD","BEVERAGES","PAPER PRODUCTS","UTILITY","FARM SUPPLIES","XCONSTRUCTION","WATER WELL","OTHER",,,,,,,,,,,,,,,,,,,,,,,,,,,,,,,
"1000211","GENERAL FREIGHT","HOUSEHOLD GOODS","METAL; SHEETS, COILS, ROLLS","MOTOR VEHICLES","DRIVE AWAY/TOWAWAY","LOGS, POLES, BEAMS, LUMBER","XBUILDING MATERIALS","MOBILE HOMES","MACHINERY, LARGE OBJECTS","FRESH PRODUCE","LIQUIDS/GASES","INTERMODAL CONTAINERS","PASSENGERS","OIL FIELD EQUIPMENT","LIVESTOCK","GRAIN, FEED, HAY","COAL, COKE","MEAT","GARBAGE, REFUSE, TRASH","U.S. MAIL","CHEMICALS","COMMODITIES DRY BULK","REFRIGERATED FOOD","BEVERAGES","PAPER PRODUCTS","UTILITY","FARM SUPPLIES","XCONSTRUCTION","WATER WELL","OTHER",,,,,,,,,,,,,,,,,,,,,,,,,,,,,,,
"1000214","GENERAL FREIGHT","XHOUSEHOLD GOODS","METAL; SHEETS, COILS, ROLLS","MOTOR VEHICLES","DRIVE AWAY/TOWAWAY","LOGS, POLES, BEAMS, LUMBER","BUILDING MATERIALS","MOBILE HOMES","MACHINERY, LARGE OBJECTS","FRESH PRODUCE","LIQUIDS/GASES","INTERMODAL CONTAINERS","PASSENGERS","OIL FIELD EQUIPMENT","LIVESTOCK","GRAIN, FEED, HAY","COAL, COKE","MEAT","GARBAGE, REFUSE, TRASH","U.S. MAIL","CHEMICALS","COMMODITIES DRY BULK","REFRIGERATED FOOD","BEVERAGES","PAPER PRODUCTS","UTILITY","FARM SUPPLIES","CONSTRUCTION","WATER WELL","OTHER",,,,,,,,,,,,,,,,,,,,,,,,,,,,,,,
"1000215","GENERAL FREIGHT","HOUSEHOLD GOODS","METAL; SHEETS, COILS, ROLLS","MOTOR VEHICLES","DRIVE AWAY/TOWAWAY","LOGS, POLES, BEAMS, LUMBER","BUILDING MATERIALS","MOBILE HOMES","MACHINERY, LARGE OBJECTS","FRESH PRODUCE","LIQUIDS/GASES","INTERMODAL CONTAINERS","PASSENGERS","OIL FIELD EQUIPMENT","XLIVESTOCK","XGRAIN, FEED, HAY","COAL, COKE","MEAT","GARBAGE, REFUSE, TRASH","U.S. MAIL","CHEMICALS","COMMODITIES DRY BULK","REFRIGERATED FOOD","BEVERAGES","PAPER PRODUCTS","UTILITY","FARM SUPPLIES","CONSTRUCTION","WATER WELL","OTHER",,,,,,,,,,,,,,,,,,,,,,,,,,,,,,,
"1000216","GENERAL FREIGHT","HOUSEHOLD GOODS","METAL; SHEETS, COILS, ROLLS","MOTOR VEHICLES","DRIVE AWAY/TOWAWAY","XLOGS, POLES, BEAMS, LUMBER","BUILDING MATERIALS","MOBILE HOMES","MACHINERY, LARGE OBJECTS","FRESH PRODUCE","LIQUIDS/GASES","INTERMODAL CONTAINERS","PASSENGERS","OIL FIELD EQUIPMENT","LIVESTOCK","XGRAIN, FEED, HAY","COAL, COKE","MEAT","GARBAGE, REFUSE, TRASH","U.S. MAIL","CHEMICALS","COMMODITIES DRY BULK","REFRIGERATED FOOD","BEVERAGES","PAPER PRODUCTS","UTILITY","FARM SUPPLIES","CONSTRUCTION","WATER WELL","OTHER",,,,,,,,,,,,,,,,,,,,,,,,,,,,,,,
"1000218","GENERAL FREIGHT","HOUSEHOLD GOODS","METAL; SHEETS, COILS, ROLLS","XMOTOR VEHICLES","XDRIVE AWAY/TOWAWAY","LOGS, POLES, BEAMS, LUMBER","BUILDING MATERIALS","MOBILE HOMES","XMACHINERY, LARGE OBJECTS","FRESH PRODUCE","LIQUIDS/GASES","INTERMODAL CONTAINERS","PASSENGERS","OIL FIELD EQUIPMENT","LIVESTOCK","GRAIN, FEED, HAY","COAL, COKE","MEAT","GARBAGE, REFUSE, TRASH","U.S. MAIL","CHEMICALS","COMMODITIES DRY BULK","REFRIGERATED FOOD","BEVERAGES","PAPER PRODUCTS","UTILITY","FARM SUPPLIES","CONSTRUCTION","WATER WELL","OTHER",,,,,,,,,,,,,,,,,,,,,,,,,,,,,,,
"1000219","GENERAL FREIGHT","HOUSEHOLD GOODS","METAL; SHEETS, COILS, ROLLS","MOTOR VEHICLES","DRIVE AWAY/TOWAWAY","LOGS, POLES, BEAMS, LUMBER","BUILDING MATERIALS","MOBILE HOMES","MACHINERY, LARGE OBJECTS","FRESH PRODUCE","LIQUIDS/GASES","INTERMODAL CONTAINERS","PASSENGERS","OIL FIELD EQUIPMENT","LIVESTOCK","GRAIN, FEED, HAY","COAL, COKE","MEAT","GARBAGE, REFUSE, TRASH","U.S. MAIL","CHEMICALS","COMMODITIES DRY BULK","REFRIGERATED FOOD","BEVERAGES","PAPER PRODUCTS","UTILITY","FARM SUPPLIES","CONSTRUCTION","WATER WELL","XPUMPS & MOTORS",,,,,,,,,,,,,,,,,,,,,,,,,,,,,,,
"100022","GENERAL FREIGHT","HOUSEHOLD GOODS","METAL; SHEETS, COILS, ROLLS","MOTOR VEHICLES","DRIVE AWAY/TOWAWAY","LOGS, POLES, BEAMS, LUMBER","BUILDING MATERIALS","MOBILE HOMES","MACHINERY, LARGE OBJECTS","FRESH PRODUCE","LIQUIDS/GASES","INTERMODAL CONTAINERS","PASSENGERS","OIL FIELD EQUIPMENT","LIVESTOCK","GRAIN, FEED, HAY","COAL, COKE","MEAT","GARBAGE, REFUSE, TRASH","U.S. MAIL","CHEMICALS","COMMODITIES DRY BULK","REFRIGERATED FOOD","BEVERAGES","XPAPER PRODUCTS","UTILITY","FARM SUPPLIES","CONSTRUCTION","WATER WELL","XCORRUGATED CARTONS",,,,,,,,,,,,,,,,,,,,,,,,,,,,,,,
"1000222","XGENERAL FREIGHT","HOUSEHOLD GOODS","METAL; SHEETS, COILS, ROLLS","MOTOR VEHICLES","DRIVE AWAY/TOWAWAY","LOGS, POLES, BEAMS, LUMBER","XBUILDING MATERIALS","MOBILE HOMES","MACHINERY, LARGE OBJECTS","FRESH PRODUCE","LIQUIDS/GASES","XINTERMODAL CONTAINERS","PASSENGERS","OIL FIELD EQUIPMENT","LIVESTOCK","XGRAIN, FEED, HAY","COAL, COKE","MEAT","XGARBAGE, REFUSE, TRASH","U.S. MAIL","CHEMICALS","COMMODITIES DRY BULK","REFRIGERATED FOOD","BEVERAGES","PAPER PRODUCTS","UTILITY","XFARM SUPPLIES","XCONSTRUCTION","WATER WELL","OTHER",,,,,,,,,,,,,,,,,,,,,,,,,,,,,,,
"1000226","GENERAL FREIGHT","HOUSEHOLD GOODS","METAL; SHEETS, COILS, ROLLS","MOTOR VEHICLES","DRIVE AWAY/TOWAWAY","LOGS, POLES, BEAMS, LUMBER","BUILDING MATERIALS","MOBILE HOMES","MACHINERY, LARGE OBJECTS","FRESH PRODUCE","LIQUIDS/GASES","INTERMODAL CONTAINERS","PASSENGERS","OIL FIELD EQUIPMENT","LIVESTOCK","GRAIN, FEED, HAY","COAL, COKE","MEAT","GARBAGE, REFUSE, TRASH","U.S. MAIL","CHEMICALS","COMMODITIES DRY BULK","REFRIGERATED FOOD","BEVERAGES","PAPER PRODUCTS","UTILITY","FARM SUPPLIES","XCONSTRUCTION","WATER WELL","OTHER",,,,,,,,,,,,,,,,,,,,,,,,,,,,,,,
"1000229","GENERAL FREIGHT","HOUSEHOLD GOODS","METAL; SHEETS, COILS, ROLLS","MOTOR VEHICLES","DRIVE AWAY/TOWAWAY","LOGS, POLES, BEAMS, LUMBER","BUILDING MATERIALS","MOBILE HOMES","MACHINERY, LARGE OBJECTS","FRESH PRODUCE","LIQUIDS/GASES","INTERMODAL CONTAINERS","PASSENGERS","OIL FIELD EQUIPMENT","LIVESTOCK","XGRAIN, FEED, HAY","COAL, COKE","MEAT","GARBAGE, REFUSE, TRASH","U.S. MAIL","CHEMICALS","COMMODITIES DRY BULK","REFRIGERATED FOOD","BEVERAGES","PAPER PRODUCTS","UTILITY","FARM SUPPLIES","CONSTRUCTION","WATER WELL","OTHER",,,,,,,,,,,,,,,,,,,,,,,,,,,,,,,
"1000230","GENERAL FREIGHT","HOUSEHOLD GOODS","METAL; SHEETS, COILS, ROLLS","XMOTOR VEHICLES","DRIVE AWAY/TOWAWAY","LOGS, POLES, BEAMS, LUMBER","BUILDING MATERIALS","MOBILE HOMES","MACHINERY, LARGE OBJECTS","FRESH PRODUCE","LIQUIDS/GASES","INTERMODAL CONTAINERS","PASSENGERS","OIL FIELD EQUIPMENT","LIVESTOCK","GRAIN, FEED, HAY","COAL, COKE","MEAT","GARBAGE, REFUSE, TRASH","U.S. MAIL","CHEMICALS","COMMODITIES DRY BULK","REFRIGERATED FOOD","BEVERAGES","PAPER PRODUCTS","UTILITY","FARM SUPPLIES","CONSTRUCTION","WATER WELL","OTHER",,,,,,,,,,,,,,,,,,,,,,,,,,,,,,,
"1000231","GENERAL FREIGHT","HOUSEHOLD GOODS","METAL; SHEETS, COILS, ROLLS","MOTOR VEHICLES","DRIVE AWAY/TOWAWAY","LOGS, POLES, BEAMS, LUMBER","BUILDING MATERIALS","MOBILE HOMES","MACHINERY, LARGE OBJECTS","FRESH PRODUCE","XLIQUIDS/GASES","INTERMODAL CONTAINERS","PASSENGERS","OIL FIELD EQUIPMENT","LIVESTOCK","GRAIN, FEED, HAY","COAL, COKE","MEAT","GARBAGE, REFUSE, TRASH","U.S. MAIL","CHEMICALS","COMMODITIES DRY BULK","REFRIGERATED FOOD","BEVERAGES","PAPER PRODUCTS","UTILITY","FARM SUPPLIES","CONSTRUCTION","WATER WELL","OTHER",,,,,,,,,,,,,,,,,,,,,,,,,,,,,,,
"1000233","GENERAL FREIGHT","HOUSEHOLD GOODS","METAL; SHEETS, COILS, ROLLS","MOTOR VEHICLES","DRIVE AWAY/TOWAWAY","LOGS, POLES, BEAMS, LUMBER","XBUILDING MATERIALS","MOBILE HOMES","MACHINERY, LARGE OBJECTS","FRESH PRODUCE","LIQUIDS/GASES","INTERMODAL CONTAINERS","PASSENGERS","OIL FIELD EQUIPMENT","LIVESTOCK","GRAIN, FEED, HAY","COAL, COKE","MEAT","GARBAGE, REFUSE, TRASH","U.S. MAIL","CHEMICALS","COMMODITIES DRY BULK","REFRIGERATED FOOD","BEVERAGES","PAPER PRODUCTS","UTILITY","FARM SUPPLIES","CONSTRUCTION","WATER WELL","OTHER",,,,,,,,,,,,,,,,,,,,,,,,,,,,,,,
"1000235","GENERAL FREIGHT","HOUSEHOLD GOODS","METAL; SHEETS, COILS, ROLLS","MOTOR VEHICLES","DRIVE AWAY/TOWAWAY","LOGS, POLES, BEAMS, LUMBER","BUILDING MATERIALS","MOBILE HOMES","XMACHINERY, LARGE OBJECTS","FRESH PRODUCE","LIQUIDS/GASES","INTERMODAL CONTAINERS","PASSENGERS","OIL FIELD EQUIPMENT","LIVESTOCK","GRAIN, FEED, HAY","COAL, COKE","MEAT","GARBAGE, REFUSE, TRASH","U.S. MAIL","CHEMICALS","COMMODITIES DRY BULK","REFRIGERATED FOOD","BEVERAGES","PAPER PRODUCTS","UTILITY","FARM SUPPLIES","CONSTRUCTION","XWATER WELL","OTHER",,,,,,,,,,,,,,,,,,,,,,,,,,,,,,,
"1000238","GENERAL FREIGHT","HOUSEHOLD GOODS","METAL; SHEETS, COILS, ROLLS","MOTOR VEHICLES","DRIVE AWAY/TOWAWAY","LOGS, POLES, BEAMS, LUMBER","BUILDING MATERIALS","MOBILE HOMES","MACHINERY, LARGE OBJECTS","FRESH PRODUCE","LIQUIDS/GASES","INTERMODAL CONTAINERS","PASSENGERS","OIL FIELD EQUIPMENT","LIVESTOCK","GRAIN, FEED, HAY","COAL, COKE","MEAT","GARBAGE, REFUSE, TRASH","U.S. MAIL","CHEMICALS","COMMODITIES DRY BULK","REFRIGERATED FOOD","BEVERAGES","PAPER PRODUCTS","UTILITY","FARM SUPPLIES","CONSTRUCTION","WATER WELL","XTIRES",,,,,,,,,,,,,,,,,,,,,,,,,,,,,,,
"1000244","GENERAL FREIGHT","HOUSEHOLD GOODS","METAL; SHEETS, COILS, ROLLS","MOTOR VEHICLES","DRIVE AWAY/TOWAWAY","LOGS, POLES, BEAMS, LUMBER","BUILDING MATERIALS","MOBILE HOMES","MACHINERY, LARGE OBJECTS","FRESH PRODUCE","LIQUIDS/GASES","INTERMODAL CONTAINERS","XPASSENGERS","OIL FIELD EQUIPMENT","LIVESTOCK","GRAIN, FEED, HAY","COAL, COKE","MEAT","GARBAGE, REFUSE, TRASH","U.S. MAIL","CHEMICALS","COMMODITIES DRY BULK","REFRIGERATED FOOD","BEVERAGES","PAPER PRODUCTS","UTILITY","FARM SUPPLIES","CONSTRUCTION","WATER WELL","OTHER",,,,,,,,,,,,,,,,,,,,,,,,,,,,,,,
"1000246","GENERAL FREIGHT","HOUSEHOLD GOODS","METAL; SHEETS, COILS, ROLLS","MOTOR VEHICLES","DRIVE AWAY/TOWAWAY","LOGS, POLES, BEAMS, LUMBER","BUILDING MATERIALS","MOBILE HOMES","XMACHINERY, LARGE OBJECTS","FRESH PRODUCE","XLIQUIDS/GASES","INTERMODAL CONTAINERS","PASSENGERS","OIL FIELD EQUIPMENT","LIVESTOCK","GRAIN, FEED, HAY","COAL, COKE","MEAT","GARBAGE, REFUSE, TRASH","U.S. MAIL","CHEMICALS","COMMODITIES DRY BULK","REFRIGERATED FOOD","BEVERAGES","PAPER PRODUCTS","UTILITY","FARM SUPPLIES","XCONSTRUCTION","WATER WELL","OTHER",,,,,,,,,,,,,,,,,,,,,,,,,,,,,,,
