"10000","Straight Trucks","0","0","0"
"10000","Truck Tractors","0","0","0"
"10000","Trailers*","0","0","0"
"10000","Hazmat Cargo Tank Trailers*","1","0","0"
"10000","Hazmat Cargo Tank Trucks","1","0","0"
"10000","Motor Coach","0","0","0"
"10000","School Bus 1-8*","0","0","0"
"10000","School Bus 9-15","0","0","0"
"10000","School Bus 16+","0","0","0"
"10000","Mini-Bus 16+","0","0","0"
"10000","Van 1-8*","0","0","0"
"10000","Van 9-15","0","0","0"
"10000","Limousine 1-8*","0","0","0"
"10000","Limousine 9-15","0","0","0"
"10000","Limousine 16+","0","0","0"
"1000000","Straight Trucks","1","0","0"
"1000000","Truck Tractors","0","0","0"
"1000000","Trailers*","1","0","0"
"1000000","Hazmat Cargo Tank Trailers*","0","0","0"
"1000000","Hazmat Cargo Tank Trucks","0","0","0"
"1000000","Motor Coach","0","0","0"
"1000000","School Bus 1-8*","0","0","0"
"1000000","School Bus 9-15","0","0","0"
"1000000","School Bus 16+","0","0","0"
"1000000","Mini-Bus 16+","0","0","0"
"1000000","Van 1-8*","0","0","0"
"1000000","Van 9-15","0","0","0"
"1000000","Limousine 1-8*","0","0","0"
"1000000","Limousine 9-15","0","0","0"
"1000000","Limousine 16+","0","0","0"
"1000002","Straight Trucks","1","0","0"
"1000002","Truck Tractors","0","0","0"
"1000002","Trailers*","1","0","0"
"1000002","Hazmat Cargo Tank Trailers*","0","0","0"
"1000002","Hazmat Cargo Tank Trucks","0","0","0"
"1000002","Motor Coach","0","0","0"
"1000002","School Bus 1-8*","0","0","0"
"1000002","School Bus 9-15","0","0","0"
"1000002","School Bus 16+","0","0","0"
"1000002","Mini-Bus 16+","0","0","0"
"1000002","Van 1-8*","0","0","0"
"1000002","Van 9-15","0","0","0"
"1000002","Limousine 1-8*","0","0","0"
"1000002","Limousine 9-15","0","0","0"
"1000002","Limousine 16+","0","0","0"
"1000004","Straight Trucks","0","0","0"
"1000004","Truck Tractors","2","0","0"
"1000004","Trailers*","0","0","1"
"1000004","Hazmat Cargo Tank Trailers*","0","0","0"
"1000004","Hazmat Cargo Tank Trucks","0","0","0"
"1000004","Motor Coach","0","0","0"
"1000004","School Bus 1-8*","0","0","0"
"1000004","School Bus 9-15","0","0","0"
"1000004","School Bus 16+","0","0","0"
"1000004","Mini-Bus 16+","0","0","0"
"1000004","Van 1-8*","0","0","0"
"1000004","Van 9-15","0","0","0"
"1000004","Limousine 1-8*","0","0","0"
"1000004","Limousine 9-15","0","0","0"
"1000004","Limousine 16+","0","0","0"
"1000008","Straight Trucks","4","0","0"
"1000008","Truck Tractors","0","0","0"
"1000008","Trailers*","0","0","0"
"1000008","Hazmat Cargo Tank Trailers*","0","0","0"
"1000008","Hazmat Cargo Tank Trucks","0","0","0"
"1000008","Motor Coach","0","0","0"
"1000008","School Bus 1-8*","0","0","0"
"1000008","School Bus 9-15","0","0","0"
"1000008","School Bus 16+","0","0","0"
"1000008","Mini-Bus 16+","0","0","0"
"1000008","Van 1-8*","0","0","0"
"1000008","Van 9-15","0","0","0"
"1000008","Limousine 1-8*","0","0","0"
"1000008","Limousine 9-15","0","0","0"
"1000008","Limousine 16+","0","0","0"
"1000012","Straight Trucks","24","0","0"
"1000012","Truck Tractors","0","0","0"
"1000012","Trailers*","8","0","0"
"1000012","Hazmat Cargo Tank Trailers*","0","0","0"
"1000012","Hazmat Cargo Tank Trucks","0","0","0"
"1000012","Motor Coach","0","0","0"
"1000012","School Bus 1-8*","0","0","0"
"1000012","School Bus 9-15","0","0","0"
"1000012","School Bus 16+","0","0","0"
"1000012","Mini-Bus 16+","0","0","0"
"1000012","Van 1-8*","0","0","0"
"1000012","Van 9-15","0","0","0"
"1000012","Limousine 1-8*","0","0","0"
"1000012","Limousine 9-15","0","0","0"
"1000012","Limousine 16+","0","0","0"
"1000013","Straight Trucks","0","0","0"
"1000013","Truck Tractors","0","0","0"
"1000013","Trailers*","1","0","0"
"1000013","Hazmat Cargo Tank Trailers*","0","0","0"
"1000013","Hazmat Cargo Tank Trucks","0","0","0"
"1000013","Motor Coach","0","0","0"
"1000013","School Bus 1-8*","0","0","0"
"1000013","School Bus 9-15","0","0","0"
"1000013","School Bus 16+","58","0","0"
"1000013","Mini-Bus 16+","20","0","0"
"1000013","Van 1-8*","5","0","0"
"1000013","Van 9-15","0","0","0"
"1000013","Limousine 1-8*","0","0","0"
"1000013","Limousine 9-15","0","0","0"
"1000013","Limousine 16+","0","0","0"
"1000014","Straight Trucks","1","0","0"
"1000014","Truck Tractors","0","0","0"
"1000014","Trailers*","0","0","0"
"1000014","Hazmat Cargo Tank Trailers*","0","0","0"
"1000014","Hazmat Cargo Tank Trucks","0","0","0"
"1000014","Motor Coach","0","0","0"
"1000014","School Bus 1-8*","0","0","0"
"1000014","School Bus 9-15","0","0","0"
"1000014","School Bus 16+","0","0","0"
"1000014","Mini-Bus 16+","0","0","0"
"1000014","Van 1-8*","0","0","0"
"1000014","Van 9-15","0","0","0"
"1000014","Limousine 1-8*","0","0","0"
"1000014","Limousine 9-15","0","0","0"
"1000014","Limousine 16+","0","0","0"
"1000015","Straight Trucks","1","0","0"
"1000015","Truck Tractors","0","0","0"
"1000015","Trailers*","0","0","0"
"1000015","Hazmat Cargo Tank Trailers*","0","0","0"
"1000015","Hazmat Cargo Tank Trucks","0","0","0"
"1000015","Motor Coach","0","0","0"
"1000015","School Bus 1-8*","0","0","0"
"1000015","School Bus 9-15","0","0","0"
"1000015","School Bus 16+","0","0","0"
"1000015","Mini-Bus 16+","0","0","0"
"1000015","Van 1-8*","0","0","0"
"1000015","Van 9-15","0","0","0"
"1000015","Limousine 1-8*","0","0","0"
"1000015","Limousine 9-15","0","0","0"
"1000015","Limousine 16+","0","0","0"
"1000017","Straight Trucks","13","0","0"
"1000017","Truck Tractors","0","0","0"
"1000017","Trailers*","0","0","0"
"1000017","Hazmat Cargo Tank Trailers*","0","0","0"
"1000017","Hazmat Cargo Tank Trucks","0","0","0"
"1000017","Motor Coach","0","0","0"
"1000017","School Bus 1-8*","0","0","0"
"1000017","School Bus 9-15","0","0","0"
"1000017","School Bus 16+","0","0","0"
"1000017","Mini-Bus 16+","0","0","0"
"1000017","Van 1-8*","0","0","0"
"1000017","Van 9-15","0","0","0"
"1000017","Limousine 1-8*","0","0","0"
"1000017","Limousine 9-15","0","0","0"
"1000017","Limousine 16+","0","0","0"
"100002","Straight Trucks","0","0","0"
"100002","Truck Tractors","22","23","0"
"100002","Trailers*","0","0","0"
"100002","Hazmat Cargo Tank Trailers*","0","0","0"
"100002","Hazmat Cargo Tank Trucks","0","0","0"
"100002","Motor Coach","0","0","0"
"100002","School Bus 1-8*","0","0","0"
"100002","School Bus 9-15","0","0","0"
"100002","School Bus 16+","0","0","0"
"100002","Mini-Bus 16+","0","0","0"
"100002","Van 1-8*","0","0","0"
"100002","Van 9-15","0","0","0"
"100002","Limousine 1-8*","0","0","0"
"100002","Limousine 9-15","0","0","0"
"100002","Limousine 16+","0","0","0"
"1000021","Straight Trucks","1","0","0"
"1000021","Truck Tractors","0","0","0"
"1000021","Trailers*","1","0","0"
"1000021","Hazmat Cargo Tank Trailers*","0","0","0"
"1000021","Hazmat Cargo Tank Trucks","0","0","0"
"1000021","Motor Coach","0","0","0"
"1000021","School Bus 1-8*","0","0","0"
"1000021","School Bus 9-15","0","0","0"
"1000021","School Bus 16+","0","0","0"
"1000021","Mini-Bus 16+","0","0","0"
"1000021","Van 1-8*","0","0","0"
"1000021","Van 9-15","0","0","0"
"1000021","Limousine 1-8*","0","0","0"
"1000021","Limousine 9-15","0","0","0"
"1000021","Limousine 16+","0","0","0"
"1000022","Straight Trucks","1","0","0"
"1000022","Truck Tractors","0","0","0"
"1000022","Trailers*","0","0","0"
"1000022","Hazmat Cargo Tank Trailers*","0","0","0"
"1000022","Hazmat Cargo Tank Trucks","0","0","0"
"1000022","Motor Coach","0","0","0"
"1000022","School Bus 1-8*","0","0","0"
"1000022","School Bus 9-15","0","0","0"
"1000022","School Bus 16+","0","0","0"
"1000022","Mini-Bus 16+","0","0","0"
"1000022","Van 1-8*","0","0","0"
"1000022","Van 9-15","0","0","0"
"1000022","Limousine 1-8*","0","0","0"
"1000022","Limousine 9-15","0","0","0"
"1000022","Limousine 16+","0","0","0"
"1000023","Straight Trucks","1","0","0"
"1000023","Truck Tractors","0","0","0"
"1000023","Trailers*","0","0","0"
"1000023","Hazmat Cargo Tank Trailers*","0","0","0"
"1000023","Hazmat Cargo Tank Trucks","0","0","0"
"1000023","Motor Coach","0","0","0"
"1000023","School Bus 1-8*","0","0","0"
"1000023","School Bus 9-15","0","0","0"
"1000023","School Bus 16+","0","0","0"
"1000023","Mini-Bus 16+","0","0","0"
"1000023","Van 1-8*","0","0","0"
"1000023","Van 9-15","0","0","0"
"1000023","Limousine 1-8*","0","0","0"
"1000023","Limousine 9-15","0","0","0"
"1000023","Limousine 16+","0","0","0"
"1000025","Straight Trucks","1","0","0"
"1000025","Truck Tractors","0","0","0"
"1000025","Trailers*","0","0","0"
"1000025","Hazmat Cargo Tank Trailers*","0","0","0"
"1000025","Hazmat Cargo Tank Trucks","0","0","0"
"1000025","Motor Coach","0","0","0"
"1000025","School Bus 1-8*","0","0","0"
"1000025","School Bus 9-15","0","0","0"
"1000025","School Bus 16+","0","0","0"
"1000025","Mini-Bus 16+","0","0","0"
"1000025","Van 1-8*","0","0","0"
"1000025","Van 9-15","0","0","0"
"1000025","Limousine 1-8*","0","0","0"
"1000025","Limousine 9-15","0","0","0"
"1000025","Limousine 16+","0","0","0"
"1000026","Straight Trucks","2","0","0"
"1000026","Truck Tractors","0","0","0"
"1000026","Trailers*","0","0","0"
"1000026","Hazmat Cargo Tank Trailers*","0","0","0"
"1000026","Hazmat Cargo Tank Trucks","0","0","0"
"1000026","Motor Coach","0","0","0"
"1000026","School Bus 1-8*","0","0","0"
"1000026","School Bus 9-15","0","0","0"
"1000026","School Bus 16+","0","0","0"
"1000026","Mini-Bus 16+","0","0","0"
"1000026","Van 1-8*","0","0","0"
"1000026","Van 9-15","0","0","0"
"1000026","Limousine 1-8*","0","0","0"
"1000026","Limousine 9-15","0","0","0"
"1000026","Limousine 16+","0","0","0"
"1000030","Straight Trucks","4","0","0"
"1000030","Truck Tractors","3","0","0"
"1000030","Trailers*","3","0","0"
"1000030","Hazmat Cargo Tank Trailers*","0","0","0"
"1000030","Hazmat Cargo Tank Trucks","0","0","0"
"1000030","Motor Coach","0","0","0"
"1000030","School Bus 1-8*","0","0","0"
"1000030","School Bus 9-15","0","0","0"
"1000030","School Bus 16+","0","0","0"
"1000030","Mini-Bus 16+","0","0","0"
"1000030","Van 1-8*","0","0","0"
"1000030","Van 9-15","0","0","0"
"1000030","Limousine 1-8*","0","0","0"
"1000030","Limousine 9-15","0","0","0"
"1000030","Limousine 16+","0","0","0"
"1000035","Straight Trucks","5","0","0"
"1000035","Truck Tractors","7","0","0"
"1000035","Trailers*","14","0","0"
"1000035","Hazmat Cargo Tank Trailers*","0","0","0"
"1000035","Hazmat Cargo Tank Trucks","0","0","0"
"1000035","Motor Coach","0","0","0"
"1000035","School Bus 1-8*","0","0","0"
"1000035","School Bus 9-15","0","0","0"
"1000035","School Bus 16+","0","0","0"
"1000035","Mini-Bus 16+","0","0","0"
"1000035","Van 1-8*","0","0","0"
"1000035","Van 9-15","0","0","0"
"1000035","Limousine 1-8*","0","0","0"
"1000035","Limousine 9-15","0","0","0"
"1000035","Limousine 16+","0","0","0"
"1000050","Straight Trucks","1","0","0"
"1000050","Truck Tractors","0","0","0"
"1000050","Trailers*","0","0","0"
"1000050","Hazmat Cargo Tank Trailers*","0","0","0"
"1000050","Hazmat Cargo Tank Trucks","0","0","0"
"1000050","Motor Coach","0","0","0"
"1000050","School Bus 1-8*","0","0","0"
"1000050","School Bus 9-15","0","0","0"
"1000050","School Bus 16+","0","0","0"
"1000050","Mini-Bus 16+","0","0","0"
"1000050","Van 1-8*","0","0","0"
"1000050","Van 9-15","0","0","0"
"1000050","Limousine 1-8*","0","0","0"
"1000050","Limousine 9-15","0","0","0"
"1000050","Limousine 16+","0","0","0"
"1000058","Straight Trucks","0","2","0"
"1000058","Truck Tractors","1","20","0"
"1000058","Trailers*","43","0","0"
"1000058","Hazmat Cargo Tank Trailers*","0","0","0"
"1000058","Hazmat Cargo Tank Trucks","0","0","0"
"1000058","Motor Coach","0","0","0"
"1000058","School Bus 1-8*","0","0","0"
"1000058","School Bus 9-15","0","0","0"
"1000058","School Bus 16+","0","0","0"
"1000058","Mini-Bus 16+","0","0","0"
"1000058","Van 1-8*","0","0","0"
"1000058","Van 9-15","0","0","0"
"1000058","Limousine 1-8*","0","0","0"
"1000058","Limousine 9-15","0","0","0"
"1000058","Limousine 16+","0","0","0"
"1000061","Straight Trucks","2","0","0"
"1000061","Truck Tractors","0","0","0"
"1000061","Trailers*","0","0","0"
"1000061","Hazmat Cargo Tank Trailers*","0","0","0"
"1000061","Hazmat Cargo Tank Trucks","0","0","0"
"1000061","Motor Coach","0","0","0"
"1000061","School Bus 1-8*","0","0","0"
"1000061","School Bus 9-15","0","0","0"
"1000061","School Bus 16+","0","0","0"
"1000061","Mini-Bus 16+","0","0","0"
"1000061","Van 1-8*","0","0","0"
"1000061","Van 9-15","0","0","0"
"1000061","Limousine 1-8*","0","0","0"
"1000061","Limousine 9-15","0","0","0"
"1000061","Limousine 16+","0","0","0"
"1000062","Straight Trucks","0","0","0"
"1000062","Truck Tractors","1","0","0"
"1000062","Trailers*","1","0","0"
"1000062","Hazmat Cargo Tank Trailers*","0","0","0"
"1000062","Hazmat Cargo Tank Trucks","0","0","0"
"1000062","Motor Coach","0","0","0"
"1000062","School Bus 1-8*","0","0","0"
"1000062","School Bus 9-15","0","0","0"
"1000062","School Bus 16+","0","0","0"
"1000062","Mini-Bus 16+","0","0","0"
"1000062","Van 1-8*","0","0","0"
"1000062","Van 9-15","0","0","0"
"1000062","Limousine 1-8*","0","0","0"
"1000062","Limousine 9-15","0","0","0"
"1000062","Limousine 16+","0","0","0"
"1000066","Straight Trucks","0","0","0"
"1000066","Truck Tractors","6","0","0"
"1000066","Trailers*","8","0","0"
"1000066","Hazmat Cargo Tank Trailers*","0","0","0"
"1000066","Hazmat Cargo Tank Trucks","0","0","0"
"1000066","Motor Coach","0","0","0"
"1000066","School Bus 1-8*","0","0","0"
"1000066","School Bus 9-15","0","0","0"
"1000066","School Bus 16+","0","0","0"
"1000066","Mini-Bus 16+","0","0","0"
"1000066","Van 1-8*","0","0","0"
"1000066","Van 9-15","0","0","0"
"1000066","Limousine 1-8*","0","0","0"
"1000066","Limousine 9-15","0","0","0"
"1000066","Limousine 16+","0","0","0"
"1000076","Straight Trucks","1","0","0"
"1000076","Truck Tractors","0","0","0"
"1000076","Trailers*","1","0","0"
"1000076","Hazmat Cargo Tank Trailers*","0","0","0"
"1000076","Hazmat Cargo Tank Trucks","0","0","0"
"1000076","Motor Coach","0","0","0"
"1000076","School Bus 1-8*","0","0","0"
"1000076","School Bus 9-15","0","0","0"
"1000076","School Bus 16+","0","0","0"
"1000076","Mini-Bus 16+","0","0","0"
"1000076","Van 1-8*","0","0","0"
"1000076","Van 9-15","0","0","0"
"1000076","Limousine 1-8*","0","0","0"
"1000076","Limousine 9-15","0","0","0"
"1000076","Limousine 16+","0","0","0"
"1000077","Straight Trucks","0","0","0"
"1000077","Truck Tractors","2","0","0"
"1000077","Trailers*","2","0","0"
"1000077","Hazmat Cargo Tank Trailers*","0","0","0"
"1000077","Hazmat Cargo Tank Trucks","0","0","0"
"1000077","Motor Coach","0","0","0"
"1000077","School Bus 1-8*","0","0","0"
"1000077","School Bus 9-15","0","0","0"
"1000077","School Bus 16+","0","0","0"
"1000077","Mini-Bus 16+","0","0","0"
"1000077","Van 1-8*","0","0","0"
"1000077","Van 9-15","0","0","0"
"1000077","Limousine 1-8*","0","0","0"
"1000077","Limousine 9-15","0","0","0"
"1000077","Limousine 16+","0","0","0"
"1000078","Straight Trucks","1","0","0"
"1000078","Truck Tractors","0","0","0"
"1000078","Trailers*","0","0","0"
"1000078","Hazmat Cargo Tank Trailers*","0","0","0"
"1000078","Hazmat Cargo Tank Trucks","0","0","0"
"1000078","Motor Coach","0","0","0"
"1000078","School Bus 1-8*","0","0","0"
"1000078","School Bus 9-15","0","0","0"
"1000078","School Bus 16+","0","0","0"
"1000078","Mini-Bus 16+","0","0","0"
"1000078","Van 1-8*","0","0","0"
"1000078","Van 9-15","0","0","0"
"1000078","Limousine 1-8*","0","0","0"
"1000078","Limousine 9-15","0","0","0"
"1000078","Limousine 16+","0","0","0"
"1000079","Straight Trucks","0","0","0"
"1000079","Truck Tractors","18","0","0"
"1000079","Trailers*","63","0","0"
"1000079","Hazmat Cargo Tank Trailers*","0","0","0"
"1000079","Hazmat Cargo Tank Trucks","0","0","0"
"1000079","Motor Coach","0","0","0"
"1000079","School Bus 1-8*","0","0","0"
"1000079","School Bus 9-15","0","0","0"
"1000079","School Bus 16+","0","0","0"
"1000079","Mini-Bus 16+","0","0","0"
"1000079","Van 1-8*","0","0","0"
"1000079","Van 9-15","0","0","0"
"1000079","Limousine 1-8*","0","0","0"
"1000079","Limousine 9-15","0","0","0"
"1000079","Limousine 16+","0","0","0"
"100008","Straight Trucks","1","0","0"
"100008","Truck Tractors","1","0","0"
"100008","Trailers*","1","0","0"
"100008","Hazmat Cargo Tank Trailers*","0","0","0"
"100008","Hazmat Cargo Tank Trucks","0","0","0"
"100008","Motor Coach","0","0","0"
"100008","School Bus 1-8*","0","0","0"
"100008","School Bus 9-15","0","0","0"
"100008","School Bus 16+","0","0","0"
"100008","Mini-Bus 16+","0","0","0"
"100008","Van 1-8*","0","0","0"
"100008","Van 9-15","0","0","0"
"100008","Limousine 1-8*","0","0","0"
"100008","Limousine 9-15","0","0","0"
"100008","Limousine 16+","0","0","0"
"1000080","Straight Trucks","1","0","0"
"1000080","Truck Tractors","0","0","0"
"1000080","Trailers*","0","0","0"
"1000080","Hazmat Cargo Tank Trailers*","0","0","0"
"1000080","Hazmat Cargo Tank Trucks","0","0","0"
"1000080","Motor Coach","0","0","0"
"1000080","School Bus 1-8*","0","0","0"
"1000080","School Bus 9-15","0","0","0"
"1000080","School Bus 16+","0","0","0"
"1000080","Mini-Bus 16+","0","0","0"
"1000080","Van 1-8*","0","0","0"
"1000080","Van 9-15","0","0","0"
"1000080","Limousine 1-8*","0","0","0"
"1000080","Limousine 9-15","0","0","0"
"1000080","Limousine 16+","0","0","0"
"1000081","Straight Trucks","0","0","0"
"1000081","Truck Tractors","1","0","0"
"1000081","Trailers*","1","0","0"
"1000081","Hazmat Cargo Tank Trailers*","0","0","0"
"1000081","Hazmat Cargo Tank Trucks","0","0","0"
"1000081","Motor Coach","0","0","0"
"1000081","School Bus 1-8*","0","0","0"
"1000081","School Bus 9-15","0","0","0"
"1000081","School Bus 16+","0","0","0"
"1000081","Mini-Bus 16+","0","0","0"
"1000081","Van 1-8*","0","0","0"
"1000081","Van 9-15","0","0","0"
"1000081","Limousine 1-8*","0","0","0"
"1000081","Limousine 9-15","0","0","0"
"1000081","Limousine 16+","0","0","0"
"1000093","Straight Trucks","0","0","0"
"1000093","Truck Tractors","1","0","0"
"1000093","Trailers*","0","0","0"
"1000093","Hazmat Cargo Tank Trailers*","0","0","0"
"1000093","Hazmat Cargo Tank Trucks","0","0","0"
"1000093","Motor Coach","0","0","0"
"1000093","School Bus 1-8*","0","0","0"
"1000093","School Bus 9-15","0","0","0"
"1000093","School Bus 16+","0","0","0"
"1000093","Mini-Bus 16+","0","0","0"
"1000093","Van 1-8*","0","0","0"
"1000093","Van 9-15","0","0","0"
"1000093","Limousine 1-8*","0","0","0"
"1000093","Limousine 9-15","0","0","0"
"1000093","Limousine 16+","0","0","0"
"1000095","Straight Trucks","1","2","0"
"1000095","Truck Tractors","1","0","0"
"1000095","Trailers*","1","0","0"
"1000095","Hazmat Cargo Tank Trailers*","0","0","0"
"1000095","Hazmat Cargo Tank Trucks","0","0","0"
"1000095","Motor Coach","0","0","0"
"1000095","School Bus 1-8*","0","0","0"
"1000095","School Bus 9-15","0","0","0"
"1000095","School Bus 16+","0","0","0"
"1000095","Mini-Bus 16+","0","0","0"
"1000095","Van 1-8*","0","0","0"
"1000095","Van 9-15","0","0","0"
"1000095","Limousine 1-8*","0","0","0"
"1000095","Limousine 9-15","0","0","0"
"1000095","Limousine 16+","0","0","0"
"1000096","Straight Trucks","1","0","0"
"1000096","Truck Tractors","0","0","0"
"1000096","Trailers*","0","0","0"
"1000096","Hazmat Cargo Tank Trailers*","0","0","0"
"1000096","Hazmat Cargo Tank Trucks","0","0","0"
"1000096","Motor Coach","0","0","0"
"1000096","School Bus 1-8*","0","0","0"
"1000096","School Bus 9-15","0","0","0"
"1000096","School Bus 16+","0","0","0"
"1000096","Mini-Bus 16+","0","0","0"
"1000096","Van 1-8*","0","0","0"
"1000096","Van 9-15","0","0","0"
"1000096","Limousine 1-8*","0","0","0"
"1000096","Limousine 9-15","0","0","0"
"1000096","Limousine 16+","0","0","0"
"1000098","Straight Trucks","1","0","0"
"1000098","Truck Tractors","0","0","0"
"1000098","Trailers*","0","0","0"
"1000098","Hazmat Cargo Tank Trailers*","0","0","0"
"1000098","Hazmat Cargo Tank Trucks","0","0","0"
"1000098","Motor Coach","0","0","0"
"1000098","School Bus 1-8*","0","0","0"
"1000098","School Bus 9-15","0","0","0"
"1000098","School Bus 16+","0","0","0"
"1000098","Mini-Bus 16+","0","0","0"
"1000098","Van 1-8*","0","0","0"
"1000098","Van 9-15","0","0","0"
"1000098","Limousine 1-8*","0","0","0"
"1000098","Limousine 9-15","0","0","0"
"1000098","Limousine 16+","0","0","0"
"1000099","Straight Trucks","2","0","0"
"1000099","Truck Tractors","1","0","0"
"1000099","Trailers*","1","0","0"
"1000099","Hazmat Cargo Tank Trailers*","0","0","0"
"1000099","Hazmat Cargo Tank Trucks","0","0","0"
"1000099","Motor Coach","0","0","0"
"1000099","School Bus 1-8*","0","0","0"
"1000099","School Bus 9-15","0","0","0"
"1000099","School Bus 16+","0","0","0"
"1000099","Mini-Bus 16+","0","0","0"
"1000099","Van 1-8*","0","0","0"
"1000099","Van 9-15","0","0","0"
"1000099","Limousine 1-8*","0","0","0"
"1000099","Limousine 9-15","0","0","0"
"1000099","Limousine 16+","0","0","0"
"1000101","Straight Trucks","1","0","0"
"1000101","Truck Tractors","0","0","0"
"1000101","Trailers*","0","0","0"
"1000101","Hazmat Cargo Tank Trailers*","0","0","0"
"1000101","Hazmat Cargo Tank Trucks","0","0","0"
"1000101","Motor Coach","0","0","0"
"1000101","School Bus 1-8*","0","0","0"
"1000101","School Bus 9-15","0","0","0"
"1000101","School Bus 16+","0","0","0"
"1000101","Mini-Bus 16+","0","0","0"
"1000101","Van 1-8*","0","0","0"
"1000101","Van 9-15","0","0","0"
"1000101","Limousine 1-8*","0","0","0"
"1000101","Limousine 9-15","0","0","0"
"1000101","Limousine 16+","0","0","0"
"1000102","Straight Trucks","2","0","0"
"1000102","Truck Tractors","1","0","0"
"1000102","Trailers*","3","0","0"
"1000102","Hazmat Cargo Tank Trailers*","0","0","0"
"1000102","Hazmat Cargo Tank Trucks","0","0","0"
"1000102","Motor Coach","0","0","0"
"1000102","School Bus 1-8*","0","0","0"
"1000102","School Bus 9-15","0","0","0"
"1000102","School Bus 16+","0","0","0"
"1000102","Mini-Bus 16+","0","0","0"
"1000102","Van 1-8*","0","0","0"
"1000102","Van 9-15","0","0","0"
"1000102","Limousine 1-8*","0","0","0"
"1000102","Limousine 9-15","0","0","0"
"1000102","Limousine 16+","0","0","0"
"1000105","Straight Trucks","0","0","0"
"1000105","Truck Tractors","1","0","0"
"1000105","Trailers*","1","0","0"
"1000105","Hazmat Cargo Tank Trailers*","0","0","0"
"1000105","Hazmat Cargo Tank Trucks","0","0","0"
"1000105","Motor Coach","0","0","0"
"1000105","School Bus 1-8*","0","0","0"
"1000105","School Bus 9-15","0","0","0"
"1000105","School Bus 16+","0","0","0"
"1000105","Mini-Bus 16+","0","0","0"
"1000105","Van 1-8*","0","0","0"
"1000105","Van 9-15","0","0","0"
"1000105","Limousine 1-8*","0","0","0"
"1000105","Limousine 9-15","0","0","0"
"1000105","Limousine 16+","0","0","0"
"1000109","Straight Trucks","0","0","0"
"1000109","Truck Tractors","1","0","0"
"1000109","Trailers*","1","0","0"
"1000109","Hazmat Cargo Tank Trailers*","0","0","0"
"1000109","Hazmat Cargo Tank Trucks","0","0","0"
"1000109","Motor Coach","0","0","0"
"1000109","School Bus 1-8*","0","0","0"
"1000109","School Bus 9-15","0","0","0"
"1000109","School Bus 16+","0","0","0"
"1000109","Mini-Bus 16+","0","0","0"
"1000109","Van 1-8*","0","0","0"
"1000109","Van 9-15","0","0","0"
"1000109","Limousine 1-8*","0","0","0"
"1000109","Limousine 9-15","0","0","0"
"1000109","Limousine 16+","0","0","0"
"100011","Straight Trucks","0","1","0"
"100011","Truck Tractors","12","77","0"
"100011","Trailers*","91","4","0"
"100011","Hazmat Cargo Tank Trailers*","151","91","0"
"100011","Hazmat Cargo Tank Trucks","0","0","0"
"100011","Motor Coach","0","0","0"
"100011","School Bus 1-8*","0","0","0"
"100011","School Bus 9-15","0","0","0"
"100011","School Bus 16+","0","0","0"
"100011","Mini-Bus 16+","0","0","0"
"100011","Van 1-8*","0","0","0"
"100011","Van 9-15","0","0","0"
"100011","Limousine 1-8*","0","0","0"
"100011","Limousine 9-15","0","0","0"
"100011","Limousine 16+","0","0","0"
"1000119","Straight Trucks","1","0","0"
"1000119","Truck Tractors","0","0","0"
"1000119","Trailers*","0","0","0"
"1000119","Hazmat Cargo Tank Trailers*","0","0","0"
"1000119","Hazmat Cargo Tank Trucks","0","0","0"
"1000119","Motor Coach","0","0","0"
"1000119","School Bus 1-8*","0","0","0"
"1000119","School Bus 9-15","0","0","0"
"1000119","School Bus 16+","0","0","0"
"1000119","Mini-Bus 16+","0","0","0"
"1000119","Van 1-8*","0","0","0"
"1000119","Van 9-15","0","0","0"
"1000119","Limousine 1-8*","0","0","0"
"1000119","Limousine 9-15","0","0","0"
"1000119","Limousine 16+","0","0","0"
"1000120","Straight Trucks","2","0","0"
"1000120","Truck Tractors","0","0","0"
"1000120","Trailers*","2","0","0"
"1000120","Hazmat Cargo Tank Trailers*","0","0","0"
"1000120","Hazmat Cargo Tank Trucks","0","0","0"
"1000120","Motor Coach","0","0","0"
"1000120","School Bus 1-8*","0","0","0"
"1000120","School Bus 9-15","0","0","0"
"1000120","School Bus 16+","0","0","0"
"1000120","Mini-Bus 16+","0","0","0"
"1000120","Van 1-8*","0","0","0"
"1000120","Van 9-15","0","0","0"
"1000120","Limousine 1-8*","0","0","0"
"1000120","Limousine 9-15","0","0","0"
"1000120","Limousine 16+","0","0","0"
"1000122","Straight Trucks","2","0","0"
"1000122","Truck Tractors","0","0","0"
"1000122","Trailers*","2","0","0"
"1000122","Hazmat Cargo Tank Trailers*","0","0","0"
"1000122","Hazmat Cargo Tank Trucks","0","0","0"
"1000122","Motor Coach","0","0","0"
"1000122","School Bus 1-8*","0","0","0"
"1000122","School Bus 9-15","0","0","0"
"1000122","School Bus 16+","0","0","0"
"1000122","Mini-Bus 16+","0","0","0"
"1000122","Van 1-8*","0","0","0"
"1000122","Van 9-15","0","0","0"
"1000122","Limousine 1-8*","0","0","0"
"1000122","Limousine 9-15","0","0","0"
"1000122","Limousine 16+","0","0","0"
"1000123","Straight Trucks","6","0","0"
"1000123","Truck Tractors","0","0","0"
"1000123","Trailers*","0","0","0"
"1000123","Hazmat Cargo Tank Trailers*","0","0","0"
"1000123","Hazmat Cargo Tank Trucks","0","0","0"
"1000123","Motor Coach","0","0","0"
"1000123","School Bus 1-8*","0","0","0"
"1000123","School Bus 9-15","0","0","0"
"1000123","School Bus 16+","0","0","0"
"1000123","Mini-Bus 16+","0","0","0"
"1000123","Van 1-8*","0","0","0"
"1000123","Van 9-15","0","0","0"
"1000123","Limousine 1-8*","0","0","0"
"1000123","Limousine 9-15","0","0","0"
"1000123","Limousine 16+","0","0","0"
"1000129","Straight Trucks","1","0","0"
"1000129","Truck Tractors","0","0","0"
"1000129","Trailers*","0","1","0"
"1000129","Hazmat Cargo Tank Trailers*","0","0","0"
"1000129","Hazmat Cargo Tank Trucks","0","0","0"
"1000129","Motor Coach","0","0","0"
"1000129","School Bus 1-8*","0","0","0"
"1000129","School Bus 9-15","0","0","0"
"1000129","School Bus 16+","0","0","0"
"1000129","Mini-Bus 16+","0","0","0"
"1000129","Van 1-8*","0","0","0"
"1000129","Van 9-15","0","0","0"
"1000129","Limousine 1-8*","0","0","0"
"1000129","Limousine 9-15","0","0","0"
"1000129","Limousine 16+","0","0","0"
"1000130","Straight Trucks","1","0","0"
"1000130","Truck Tractors","1","0","0"
"1000130","Trailers*","1","0","0"
"1000130","Hazmat Cargo Tank Trailers*","0","0","0"
"1000130","Hazmat Cargo Tank Trucks","0","0","0"
"1000130","Motor Coach","0","0","0"
"1000130","School Bus 1-8*","0","0","0"
"1000130","School Bus 9-15","0","0","0"
"1000130","School Bus 16+","0","0","0"
"1000130","Mini-Bus 16+","0","0","0"
"1000130","Van 1-8*","0","0","0"
"1000130","Van 9-15","0","0","0"
"1000130","Limousine 1-8*","0","0","0"
"1000130","Limousine 9-15","0","0","0"
"1000130","Limousine 16+","0","0","0"
"1000132","Straight Trucks","0","0","0"
"1000132","Truck Tractors","1","0","0"
"1000132","Trailers*","0","0","0"
"1000132","Hazmat Cargo Tank Trailers*","0","0","0"
"1000132","Hazmat Cargo Tank Trucks","0","0","0"
"1000132","Motor Coach","0","0","0"
"1000132","School Bus 1-8*","0","0","0"
"1000132","School Bus 9-15","0","0","0"
"1000132","School Bus 16+","0","0","0"
"1000132","Mini-Bus 16+","0","0","0"
"1000132","Van 1-8*","0","0","0"
"1000132","Van 9-15","0","0","0"
"1000132","Limousine 1-8*","0","0","0"
"1000132","Limousine 9-15","0","0","0"
"1000132","Limousine 16+","0","0","0"
"1000133","Straight Trucks","0","0","0"
"1000133","Truck Tractors","1","0","0"
"1000133","Trailers*","1","0","0"
"1000133","Hazmat Cargo Tank Trailers*","0","0","0"
"1000133","Hazmat Cargo Tank Trucks","0","0","0"
"1000133","Motor Coach","0","0","0"
"1000133","School Bus 1-8*","0","0","0"
"1000133","School Bus 9-15","0","0","0"
"1000133","School Bus 16+","0","0","0"
"1000133","Mini-Bus 16+","0","0","0"
"1000133","Van 1-8*","0","0","0"
"1000133","Van 9-15","0","0","0"
"1000133","Limousine 1-8*","0","0","0"
"1000133","Limousine 9-15","0","0","0"
"1000133","Limousine 16+","0","0","0"
"1000139","Straight Trucks","0","0","0"
"1000139","Truck Tractors","1","0","0"
"1000139","Trailers*","1","0","0"
"1000139","Hazmat Cargo Tank Trailers*","0","0","0"
"1000139","Hazmat Cargo Tank Trucks","0","0","0"
"1000139","Motor Coach","0","0","0"
"1000139","School Bus 1-8*","0","0","0"
"1000139","School Bus 9-15","0","0","0"
"1000139","School Bus 16+","0","0","0"
"1000139","Mini-Bus 16+","0","0","0"
"1000139","Van 1-8*","0","0","0"
"1000139","Van 9-15","0","0","0"
"1000139","Limousine 1-8*","0","0","0"
"1000139","Limousine 9-15","0","0","0"
"1000139","Limousine 16+","0","0","0"
"1000140","Straight Trucks","2","0","0"
"1000140","Truck Tractors","0","0","0"
"1000140","Trailers*","0","0","0"
"1000140","Hazmat Cargo Tank Trailers*","0","0","0"
"1000140","Hazmat Cargo Tank Trucks","0","0","0"
"1000140","Motor Coach","0","0","0"
"1000140","School Bus 1-8*","0","0","0"
"1000140","School Bus 9-15","0","0","0"
"1000140","School Bus 16+","0","0","0"
"1000140","Mini-Bus 16+","0","0","0"
"1000140","Van 1-8*","0","0","0"
"1000140","Van 9-15","0","0","0"
"1000140","Limousine 1-8*","0","0","0"
"1000140","Limousine 9-15","0","0","0"
"1000140","Limousine 16+","0","0","0"
"1000143","Straight Trucks","10","0","0"
"1000143","Truck Tractors","0","0","0"
"1000143","Trailers*","0","0","0"
"1000143","Hazmat Cargo Tank Trailers*","0","0","0"
"1000143","Hazmat Cargo Tank Trucks","0","0","0"
"1000143","Motor Coach","0","0","0"
"1000143","School Bus 1-8*","0","0","0"
"1000143","School Bus 9-15","0","0","0"
"1000143","School Bus 16+","0","0","0"
"1000143","Mini-Bus 16+","0","0","0"
"1000143","Van 1-8*","0","0","0"
"1000143","Van 9-15","0","0","0"
"1000143","Limousine 1-8*","0","0","0"
"1000143","Limousine 9-15","0","0","0"
"1000143","Limousine 16+","0","0","0"
"1000144","Straight Trucks","2","0","0"
"1000144","Truck Tractors","0","0","0"
"1000144","Trailers*","0","0","0"
"1000144","Hazmat Cargo Tank Trailers*","0","0","0"
"1000144","Hazmat Cargo Tank Trucks","0","0","0"
"1000144","Motor Coach","0","0","0"
"1000144","School Bus 1-8*","0","0","0"
"1000144","School Bus 9-15","0","0","0"
"1000144","School Bus 16+","0","0","0"
"1000144","Mini-Bus 16+","0","0","0"
"1000144","Van 1-8*","0","0","0"
"1000144","Van 9-15","0","0","0"
"1000144","Limousine 1-8*","0","0","0"
"1000144","Limousine 9-15","0","0","0"
"1000144","Limousine 16+","0","0","0"
"1000147","Straight Trucks","5","0","0"
"1000147","Truck Tractors","0","0","0"
"1000147","Trailers*","0","0","0"
"1000147","Hazmat Cargo Tank Trailers*","0","0","0"
"1000147","Hazmat Cargo Tank Trucks","0","0","0"
"1000147","Motor Coach","0","0","0"
"1000147","School Bus 1-8*","0","0","0"
"1000147","School Bus 9-15","0","0","0"
"1000147","School Bus 16+","0","0","0"
"1000147","Mini-Bus 16+","0","0","0"
"1000147","Van 1-8*","0","0","0"
"1000147","Van 9-15","0","0","0"
"1000147","Limousine 1-8*","0","0","0"
"1000147","Limousine 9-15","0","0","0"
"1000147","Limousine 16+","0","0","0"
"1000149","Straight Trucks","0","0","0"
"1000149","Truck Tractors","3","0","0"
"1000149","Trailers*","3","0","0"
"1000149","Hazmat Cargo Tank Trailers*","0","0","0"
"1000149","Hazmat Cargo Tank Trucks","0","0","0"
"1000149","Motor Coach","0","0","0"
"1000149","School Bus 1-8*","0","0","0"
"1000149","School Bus 9-15","0","0","0"
"1000149","School Bus 16+","0","0","0"
"1000149","Mini-Bus 16+","0","0","0"
"1000149","Van 1-8*","0","0","0"
"1000149","Van 9-15","0","0","0"
"1000149","Limousine 1-8*","0","0","0"
"1000149","Limousine 9-15","0","0","0"
"1000149","Limousine 16+","0","0","0"
"1000155","Straight Trucks","8","0","0"
"1000155","Truck Tractors","0","0","0"
"1000155","Trailers*","0","0","0"
"1000155","Hazmat Cargo Tank Trailers*","0","0","0"
"1000155","Hazmat Cargo Tank Trucks","0","0","0"
"1000155","Motor Coach","0","0","0"
"1000155","School Bus 1-8*","0","0","0"
"1000155","School Bus 9-15","0","0","0"
"1000155","School Bus 16+","0","0","0"
"1000155","Mini-Bus 16+","0","0","0"
"1000155","Van 1-8*","0","0","0"
"1000155","Van 9-15","0","0","0"
"1000155","Limousine 1-8*","0","0","0"
"1000155","Limousine 9-15","0","0","0"
"1000155","Limousine 16+","0","0","0"
"1000156","Straight Trucks","0","0","0"
"1000156","Truck Tractors","1","0","0"
"1000156","Trailers*","3","0","0"
"1000156","Hazmat Cargo Tank Trailers*","0","0","0"
"1000156","Hazmat Cargo Tank Trucks","0","0","0"
"1000156","Motor Coach","0","0","0"
"1000156","School Bus 1-8*","0","0","0"
"1000156","School Bus 9-15","0","0","0"
"1000156","School Bus 16+","0","0","0"
"1000156","Mini-Bus 16+","0","0","0"
"1000156","Van 1-8*","0","0","0"
"1000156","Van 9-15","0","0","0"
"1000156","Limousine 1-8*","0","0","0"
"1000156","Limousine 9-15","0","0","0"
"1000156","Limousine 16+","0","0","0"
"1000158","Straight Trucks","0","0","0"
"1000158","Truck Tractors","1","0","0"
"1000158","Trailers*","1","0","0"
"1000158","Hazmat Cargo Tank Trailers*","0","0","0"
"1000158","Hazmat Cargo Tank Trucks","0","0","0"
"1000158","Motor Coach","0","0","0"
"1000158","School Bus 1-8*","0","0","0"
"1000158","School Bus 9-15","0","0","0"
"1000158","School Bus 16+","0","0","0"
"1000158","Mini-Bus 16+","0","0","0"
"1000158","Van 1-8*","0","0","0"
"1000158","Van 9-15","0","0","0"
"1000158","Limousine 1-8*","0","0","0"
"1000158","Limousine 9-15","0","0","0"
"1000158","Limousine 16+","0","0","0"
"1000165","Straight Trucks","1","0","0"
"1000165","Truck Tractors","0","0","0"
"1000165","Trailers*","0","0","0"
"1000165","Hazmat Cargo Tank Trailers*","0","0","0"
"1000165","Hazmat Cargo Tank Trucks","0","0","0"
"1000165","Motor Coach","0","0","0"
"1000165","School Bus 1-8*","0","0","0"
"1000165","School Bus 9-15","0","0","0"
"1000165","School Bus 16+","0","0","0"
"1000165","Mini-Bus 16+","0","0","0"
"1000165","Van 1-8*","0","0","0"
"1000165","Van 9-15","0","0","0"
"1000165","Limousine 1-8*","0","0","0"
"1000165","Limousine 9-15","0","0","0"
"1000165","Limousine 16+","0","0","0"
"1000169","Straight Trucks","2","0","0"
"1000169","Truck Tractors","0","0","0"
"1000169","Trailers*","1","0","0"
"1000169","Hazmat Cargo Tank Trailers*","0","0","0"
"1000169","Hazmat Cargo Tank Trucks","0","0","0"
"1000169","Motor Coach","0","0","0"
"1000169","School Bus 1-8*","0","0","0"
"1000169","School Bus 9-15","0","0","0"
"1000169","School Bus 16+","0","0","0"
"1000169","Mini-Bus 16+","0","0","0"
"1000169","Van 1-8*","0","0","0"
"1000169","Van 9-15","0","0","0"
"1000169","Limousine 1-8*","0","0","0"
"1000169","Limousine 9-15","0","0","0"
"1000169","Limousine 16+","0","0","0"
"1000171","Straight Trucks","1","0","0"
"1000171","Truck Tractors","0","0","0"
"1000171","Trailers*","0","0","0"
"1000171","Hazmat Cargo Tank Trailers*","0","0","0"
"1000171","Hazmat Cargo Tank Trucks","0","0","0"
"1000171","Motor Coach","0","0","0"
"1000171","School Bus 1-8*","0","0","0"
"1000171","School Bus 9-15","0","0","0"
"1000171","School Bus 16+","0","0","0"
"1000171","Mini-Bus 16+","0","0","0"
"1000171","Van 1-8*","0","0","0"
"1000171","Van 9-15","0","0","0"
"1000171","Limousine 1-8*","0","0","0"
"1000171","Limousine 9-15","0","0","0"
"1000171","Limousine 16+","0","0","0"
"1000172","Straight Trucks","5","0","0"
"1000172","Truck Tractors","1","0","0"
"1000172","Trailers*","1","0","0"
"1000172","Hazmat Cargo Tank Trailers*","0","0","0"
"1000172","Hazmat Cargo Tank Trucks","0","0","0"
"1000172","Motor Coach","0","0","0"
"1000172","School Bus 1-8*","0","0","0"
"1000172","School Bus 9-15","0","0","0"
"1000172","School Bus 16+","0","0","0"
"1000172","Mini-Bus 16+","0","0","0"
"1000172","Van 1-8*","0","0","0"
"1000172","Van 9-15","0","0","0"
"1000172","Limousine 1-8*","0","0","0"
"1000172","Limousine 9-15","0","0","0"
"1000172","Limousine 16+","0","0","0"
"1000174","Straight Trucks","1","0","0"
"1000174","Truck Tractors","0","0","0"
"1000174","Trailers*","0","0","0"
"1000174","Hazmat Cargo Tank Trailers*","0","0","0"
"1000174","Hazmat Cargo Tank Trucks","0","0","0"
"1000174","Motor Coach","0","0","0"
"1000174","School Bus 1-8*","0","0","0"
"1000174","School Bus 9-15","0","0","0"
"1000174","School Bus 16+","0","0","0"
"1000174","Mini-Bus 16+","0","0","0"
"1000174","Van 1-8*","0","0","0"
"1000174","Van 9-15","0","0","0"
"1000174","Limousine 1-8*","0","0","0"
"1000174","Limousine 9-15","0","0","0"
"1000174","Limousine 16+","0","0","0"
"1000178","Straight Trucks","2","0","0"
"1000178","Truck Tractors","0","0","0"
"1000178","Trailers*","0","0","0"
"1000178","Hazmat Cargo Tank Trailers*","0","0","0"
"1000178","Hazmat Cargo Tank Trucks","0","0","0"
"1000178","Motor Coach","0","0","0"
"1000178","School Bus 1-8*","0","0","0"
"1000178","School Bus 9-15","0","0","0"
"1000178","School Bus 16+","0","0","0"
"1000178","Mini-Bus 16+","0","0","0"
"1000178","Van 1-8*","0","0","0"
"1000178","Van 9-15","0","0","0"
"1000178","Limousine 1-8*","0","0","0"
"1000178","Limousine 9-15","0","0","0"
"1000178","Limousine 16+","0","0","0"
"100018","Straight Trucks","2","0","0"
"100018","Truck Tractors","0","0","0"
"100018","Trailers*","0","0","0"
"100018","Hazmat Cargo Tank Trailers*","0","0","0"
"100018","Hazmat Cargo Tank Trucks","0","0","0"
"100018","Motor Coach","0","0","0"
"100018","School Bus 1-8*","0","0","0"
"100018","School Bus 9-15","0","0","0"
"100018","School Bus 16+","0","0","0"
"100018","Mini-Bus 16+","0","0","0"
"100018","Van 1-8*","0","0","0"
"100018","Van 9-15","0","0","0"
"100018","Limousine 1-8*","0","0","0"
"100018","Limousine 9-15","0","0","0"
"100018","Limousine 16+","0","0","0"
"1000180","Straight Trucks","1","0","0"
"1000180","Truck Tractors","1","0","0"
"1000180","Trailers*","2","0","0"
"1000180","Hazmat Cargo Tank Trailers*","0","0","0"
"1000180","Hazmat Cargo Tank Trucks","0","0","0"
"1000180","Motor Coach","0","0","0"
"1000180","School Bus 1-8*","0","0","0"
"1000180","School Bus 9-15","0","0","0"
"1000180","School Bus 16+","0","0","0"
"1000180","Mini-Bus 16+","0","0","0"
"1000180","Van 1-8*","0","0","0"
"1000180","Van 9-15","0","0","0"
"1000180","Limousine 1-8*","0","0","0"
"1000180","Limousine 9-15","0","0","0"
"1000180","Limousine 16+","0","0","0"
"1000181","Straight Trucks","0","0","0"
"1000181","Truck Tractors","1","0","0"
"1000181","Trailers*","2","0","0"
"1000181","Hazmat Cargo Tank Trailers*","0","0","0"
"1000181","Hazmat Cargo Tank Trucks","0","0","0"
"1000181","Motor Coach","0","0","0"
"1000181","School Bus 1-8*","0","0","0"
"1000181","School Bus 9-15","0","0","0"
"1000181","School Bus 16+","0","0","0"
"1000181","Mini-Bus 16+","0","0","0"
"1000181","Van 1-8*","0","0","0"
"1000181","Van 9-15","0","0","0"
"1000181","Limousine 1-8*","0","0","0"
"1000181","Limousine 9-15","0","0","0"
"1000181","Limousine 16+","0","0","0"
"1000182","Straight Trucks","0","0","0"
"1000182","Truck Tractors","5","0","0"
"1000182","Trailers*","6","0","0"
"1000182","Hazmat Cargo Tank Trailers*","0","0","0"
"1000182","Hazmat Cargo Tank Trucks","0","0","0"
"1000182","Motor Coach","0","0","0"
"1000182","School Bus 1-8*","0","0","0"
"1000182","School Bus 9-15","0","0","0"
"1000182","School Bus 16+","0","0","0"
"1000182","Mini-Bus 16+","0","0","0"
"1000182","Van 1-8*","0","0","0"
"1000182","Van 9-15","0","0","0"
"1000182","Limousine 1-8*","0","0","0"
"1000182","Limousine 9-15","0","0","0"
"1000182","Limousine 16+","0","0","0"
"1000184","Straight Trucks","0","0","0"
"1000184","Truck Tractors","1","0","0"
"1000184","Trailers*","1","0","0"
"1000184","Hazmat Cargo Tank Trailers*","0","0","0"
"1000184","Hazmat Cargo Tank Trucks","0","0","0"
"1000184","Motor Coach","0","0","0"
"1000184","School Bus 1-8*","0","0","0"
"1000184","School Bus 9-15","0","0","0"
"1000184","School Bus 16+","0","0","0"
"1000184","Mini-Bus 16+","0","0","0"
"1000184","Van 1-8*","0","0","0"
"1000184","Van 9-15","0","0","0"
"1000184","Limousine 1-8*","0","0","0"
"1000184","Limousine 9-15","0","0","0"
"1000184","Limousine 16+","0","0","0"
"1000185","Straight Trucks","12","12","0"
"1000185","Truck Tractors","0","0","0"
"1000185","Trailers*","0","0","0"
"1000185","Hazmat Cargo Tank Trailers*","0","0","0"
"1000185","Hazmat Cargo Tank Trucks","0","0","0"
"1000185","Motor Coach","0","0","0"
"1000185","School Bus 1-8*","0","0","0"
"1000185","School Bus 9-15","0","0","0"
"1000185","School Bus 16+","0","0","0"
"1000185","Mini-Bus 16+","0","0","0"
"1000185","Van 1-8*","0","0","0"
"1000185","Van 9-15","0","0","0"
"1000185","Limousine 1-8*","0","0","0"
"1000185","Limousine 9-15","0","0","0"
"1000185","Limousine 16+","0","0","0"
"1000186","Straight Trucks","0","0","0"
"1000186","Truck Tractors","1","0","0"
"1000186","Trailers*","1","0","0"
"1000186","Hazmat Cargo Tank Trailers*","0","0","0"
"1000186","Hazmat Cargo Tank Trucks","0","0","0"
"1000186","Motor Coach","0","0","0"
"1000186","School Bus 1-8*","0","0","0"
"1000186","School Bus 9-15","0","0","0"
"1000186","School Bus 16+","0","0","0"
"1000186","Mini-Bus 16+","0","0","0"
"1000186","Van 1-8*","0","0","0"
"1000186","Van 9-15","0","0","0"
"1000186","Limousine 1-8*","0","0","0"
"1000186","Limousine 9-15","0","0","0"
"1000186","Limousine 16+","0","0","0"
"1000187","Straight Trucks","1","0","0"
"1000187","Truck Tractors","0","0","0"
"1000187","Trailers*","0","0","0"
"1000187","Hazmat Cargo Tank Trailers*","0","0","0"
"1000187","Hazmat Cargo Tank Trucks","0","0","0"
"1000187","Motor Coach","0","0","0"
"1000187","School Bus 1-8*","0","0","0"
"1000187","School Bus 9-15","0","0","0"
"1000187","School Bus 16+","0","0","0"
"1000187","Mini-Bus 16+","0","0","0"
"1000187","Van 1-8*","0","0","0"
"1000187","Van 9-15","0","0","0"
"1000187","Limousine 1-8*","0","0","0"
"1000187","Limousine 9-15","0","0","0"
"1000187","Limousine 16+","0","0","0"
"1000188","Straight Trucks","1","0","0"
"1000188","Truck Tractors","0","0","0"
"1000188","Trailers*","0","0","0"
"1000188","Hazmat Cargo Tank Trailers*","0","0","0"
"1000188","Hazmat Cargo Tank Trucks","0","0","0"
"1000188","Motor Coach","0","0","0"
"1000188","School Bus 1-8*","0","0","0"
"1000188","School Bus 9-15","0","0","0"
"1000188","School Bus 16+","0","0","0"
"1000188","Mini-Bus 16+","0","0","0"
"1000188","Van 1-8*","0","0","0"
"1000188","Van 9-15","0","0","0"
"1000188","Limousine 1-8*","0","0","0"
"1000188","Limousine 9-15","0","0","0"
"1000188","Limousine 16+","0","0","0"
"1000189","Straight Trucks","0","0","0"
"1000189","Truck Tractors","1","0","0"
"1000189","Trailers*","1","0","0"
"1000189","Hazmat Cargo Tank Trailers*","0","0","0"
"1000189","Hazmat Cargo Tank Trucks","0","0","0"
"1000189","Motor Coach","0","0","0"
"1000189","School Bus 1-8*","0","0","0"
"1000189","School Bus 9-15","0","0","0"
"1000189","School Bus 16+","0","0","0"
"1000189","Mini-Bus 16+","0","0","0"
"1000189","Van 1-8*","0","0","0"
"1000189","Van 9-15","0","0","0"
"1000189","Limousine 1-8*","0","0","0"
"1000189","Limousine 9-15","0","0","0"
"1000189","Limousine 16+","0","0","0"
"1000191","Straight Trucks","0","0","0"
"1000191","Truck Tractors","0","1","0"
"1000191","Trailers*","0","0","0"
"1000191","Hazmat Cargo Tank Trailers*","1","0","0"
"1000191","Hazmat Cargo Tank Trucks","0","0","0"
"1000191","Motor Coach","0","0","0"
"1000191","School Bus 1-8*","0","0","0"
"1000191","School Bus 9-15","0","0","0"
"1000191","School Bus 16+","0","0","0"
"1000191","Mini-Bus 16+","0","0","0"
"1000191","Van 1-8*","0","0","0"
"1000191","Van 9-15","0","0","0"
"1000191","Limousine 1-8*","0","0","0"
"1000191","Limousine 9-15","0","0","0"
"1000191","Limousine 16+","0","0","0"
"1000194","Straight Trucks","0","0","0"
"1000194","Truck Tractors","3","0","0"
"1000194","Trailers*","1","0","0"
"1000194","Hazmat Cargo Tank Trailers*","0","0","0"
"1000194","Hazmat Cargo Tank Trucks","0","0","0"
"1000194","Motor Coach","0","0","0"
"1000194","School Bus 1-8*","0","0","0"
"1000194","School Bus 9-15","0","0","0"
"1000194","School Bus 16+","0","0","0"
"1000194","Mini-Bus 16+","0","0","0"
"1000194","Van 1-8*","0","0","0"
"1000194","Van 9-15","0","0","0"
"1000194","Limousine 1-8*","0","0","0"
"1000194","Limousine 9-15","0","0","0"
"1000194","Limousine 16+","0","0","0"
"1000196","Straight Trucks","0","0","0"
"1000196","Truck Tractors","2","6","0"
"1000196","Trailers*","6","7","0"
"1000196","Hazmat Cargo Tank Trailers*","0","0","0"
"1000196","Hazmat Cargo Tank Trucks","0","0","0"
"1000196","Motor Coach","0","0","0"
"1000196","School Bus 1-8*","0","0","0"
"1000196","School Bus 9-15","0","0","0"
"1000196","School Bus 16+","0","0","0"
"1000196","Mini-Bus 16+","0","0","0"
"1000196","Van 1-8*","0","0","0"
"1000196","Van 9-15","0","0","0"
"1000196","Limousine 1-8*","0","0","0"
"1000196","Limousine 9-15","0","0","0"
"1000196","Limousine 16+","0","0","0"
"1000198","Straight Trucks","1","0","0"
"1000198","Truck Tractors","0","0","0"
"1000198","Trailers*","0","0","0"
"1000198","Hazmat Cargo Tank Trailers*","0","0","0"
"1000198","Hazmat Cargo Tank Trucks","0","0","0"
"1000198","Motor Coach","0","0","0"
"1000198","School Bus 1-8*","0","0","0"
"1000198","School Bus 9-15","0","0","0"
"1000198","School Bus 16+","0","0","0"
"1000198","Mini-Bus 16+","0","0","0"
"1000198","Van 1-8*","0","0","0"
"1000198","Van 9-15","0","0","0"
"1000198","Limousine 1-8*","0","0","0"
"1000198","Limousine 9-15","0","0","0"
"1000198","Limousine 16+","0","0","0"
"1000201","Straight Trucks","0","0","0"
"1000201","Truck Tractors","1","0","0"
"1000201","Trailers*","8","0","0"
"1000201","Hazmat Cargo Tank Trailers*","0","0","0"
"1000201","Hazmat Cargo Tank Trucks","0","0","0"
"1000201","Motor Coach","0","0","0"
"1000201","School Bus 1-8*","0","0","0"
"1000201","School Bus 9-15","0","0","0"
"1000201","School Bus 16+","0","0","0"
"1000201","Mini-Bus 16+","0","0","0"
"1000201","Van 1-8*","0","0","0"
"1000201","Van 9-15","0","0","0"
"1000201","Limousine 1-8*","0","0","0"
"1000201","Limousine 9-15","0","0","0"
"1000201","Limousine 16+","0","0","0"
"1000204","Straight Trucks","0","0","0"
"1000204","Truck Tractors","2","0","0"
"1000204","Trailers*","2","0","0"
"1000204","Hazmat Cargo Tank Trailers*","0","0","0"
"1000204","Hazmat Cargo Tank Trucks","0","0","0"
"1000204","Motor Coach","0","0","0"
"1000204","School Bus 1-8*","0","0","0"
"1000204","School Bus 9-15","0","0","0"
"1000204","School Bus 16+","0","0","0"
"1000204","Mini-Bus 16+","0","0","0"
"1000204","Van 1-8*","0","0","0"
"1000204","Van 9-15","0","0","0"
"1000204","Limousine 1-8*","0","0","0"
"1000204","Limousine 9-15","0","0","0"
"1000204","Limousine 16+","0","0","0"
"1000207","Straight Trucks","5","0","0"
"1000207","Truck Tractors","0","0","0"
"1000207","Trailers*","0","0","0"
"1000207","Hazmat Cargo Tank Trailers*","0","0","0"
"1000207","Hazmat Cargo Tank Trucks","0","0","0"
"1000207","Motor Coach","0","0","0"
"1000207","School Bus 1-8*","0","0","0"
"1000207","School Bus 9-15","0","0","0"
"1000207","School Bus 16+","0","0","0"
"1000207","Mini-Bus 16+","0","0","0"
"1000207","Van 1-8*","0","0","0"
"1000207","Van 9-15","0","0","0"
"1000207","Limousine 1-8*","0","0","0"
"1000207","Limousine 9-15","0","0","0"
"1000207","Limousine 16+","0","0","0"
"1000209","Straight Trucks","0","0","0"
"1000209","Truck Tractors","1","0","0"
"1000209","Trailers*","0","1","0"
"1000209","Hazmat Cargo Tank Trailers*","0","0","0"
"1000209","Hazmat Cargo Tank Trucks","0","0","0"
"1000209","Motor Coach","0","0","0"
"1000209","School Bus 1-8*","0","0","0"
"1000209","School Bus 9-15","0","0","0"
"1000209","School Bus 16+","0","0","0"
"1000209","Mini-Bus 16+","0","0","0"
"1000209","Van 1-8*","0","0","0"
"1000209","Van 9-15","0","0","0"
"1000209","Limousine 1-8*","0","0","0"
"1000209","Limousine 9-15","0","0","0"
"1000209","Limousine 16+","0","0","0"
"1000210","Straight Trucks","2","0","0"
"1000210","Truck Tractors","0","0","0"
"1000210","Trailers*","0","0","0"
"1000210","Hazmat Cargo Tank Trailers*","0","0","0"
"1000210","Hazmat Cargo Tank Trucks","0","0","0"
"1000210","Motor Coach","0","0","0"
"1000210","School Bus 1-8*","0","0","0"
"1000210","School Bus 9-15","0","0","0"
"1000210","School Bus 16+","0","0","0"
"1000210","Mini-Bus 16+","0","0","0"
"1000210","Van 1-8*","0","0","0"
"1000210","Van 9-15","0","0","0"
"1000210","Limousine 1-8*","0","0","0"
"1000210","Limousine 9-15","0","0","0"
"1000210","Limousine 16+","0","0","0"
"1000211","Straight Trucks","10","13","0"
"1000211","Truck Tractors","1","0","0"
"1000211","Trailers*","21","0","0"
"1000211","Hazmat Cargo Tank Trailers*","0","0","0"
"1000211","Hazmat Cargo Tank Trucks","0","0","0"
"1000211","Motor Coach","0","0","0"
"1000211","School Bus 1-8*","0","0","0"
"1000211","School Bus 9-15","0","0","0"
"1000211","School Bus 16+","0","0","0"
"1000211","Mini-Bus 16+","0","0","0"
"1000211","Van 1-8*","0","0","0"
"1000211","Van 9-15","0","0","0"
"1000211","Limousine 1-8*","0","0","0"
"1000211","Limousine 9-15","0","0","0"
"1000211","Limousine 16+","0","0","0"
"1000214","Straight Trucks","1","0","0"
"1000214","Truck Tractors","0","0","0"
"1000214","Trailers*","0","0","0"
"1000214","Hazmat Cargo Tank Trailers*","0","0","0"
"1000214","Hazmat Cargo Tank Trucks","0","0","0"
"1000214","Motor Coach","0","0","0"
"1000214","School Bus 1-8*","0","0","0"
"1000214","School Bus 9-15","0","0","0"
"1000214","School Bus 16+","0","0","0"
"1000214","Mini-Bus 16+","0","0","0"
"1000214","Van 1-8*","0","0","0"
"1000214","Van 9-15","0","0","0"
"1000214","Limousine 1-8*","0","0","0"
"1000214","Limousine 9-15","0","0","0"
"1000214","Limousine 16+","0","0","0"
"1000215","Straight Trucks","0","0","0"
"1000215","Truck Tractors","2","0","0"
"1000215","Trailers*","9","0","0"
"1000215","Hazmat Cargo Tank Trailers*","0","0","0"
"1000215","Hazmat Cargo Tank Trucks","0","0","0"
"1000215","Motor Coach","0","0","0"
"1000215","School Bus 1-8*","0","0","0"
"1000215","School Bus 9-15","0","0","0"
"1000215","School Bus 16+","0","0","0"
"1000215","Mini-Bus 16+","0","0","0"
"1000215","Van 1-8*","0","0","0"
"1000215","Van 9-15","0","0","0"
"1000215","Limousine 1-8*","0","0","0"
"1000215","Limousine 9-15","0","0","0"
"1000215","Limousine 16+","0","0","0"
"1000216","Straight Trucks","0","0","0"
"1000216","Truck Tractors","1","0","0"
"1000216","Trailers*","1","0","0"
"1000216","Hazmat Cargo Tank Trailers*","0","0","0"
"1000216","Hazmat Cargo Tank Trucks","0","0","0"
"1000216","Motor Coach","0","0","0"
"1000216","School Bus 1-8*","0","0","0"
"1000216","School Bus 9-15","0","0","0"
"1000216","School Bus 16+","0","0","0"
"1000216","Mini-Bus 16+","0","0","0"
"1000216","Van 1-8*","0","0","0"
"1000216","Van 9-15","0","0","0"
"1000216","Limousine 1-8*","0","0","0"
"1000216","Limousine 9-15","0","0","0"
"1000216","Limousine 16+","0","0","0"
"1000218","Straight Trucks","10","0","0"
"1000218","Truck Tractors","0","0","0"
"1000218","Trailers*","0","0","0"
"1000218","Hazmat Cargo Tank Trailers*","0","0","0"
"1000218","Hazmat Cargo Tank Trucks","0","0","0"
"1000218","Motor Coach","0","0","0"
"1000218","School Bus 1-8*","0","0","0"
"1000218","School Bus 9-15","0","0","0"
"1000218","School Bus 16+","0","0","0"
"1000218","Mini-Bus 16+","0","0","0"
"1000218","Van 1-8*","0","0","0"
"1000218","Van 9-15","0","0","0"
"1000218","Limousine 1-8*","0","0","0"
"1000218","Limousine 9-15","0","0","0"
"1000218","Limousine 16+","0","0","0"
"1000219","Straight Trucks","1","0","0"
"1000219","Truck Tractors","0","0","0"
"1000219","Trailers*","0","0","0"
"1000219","Hazmat Cargo Tank Trailers*","0","0","0"
"1000219","Hazmat Cargo Tank Trucks","0","0","0"
"1000219","Motor Coach","0","0","0"
"1000219","School Bus 1-8*","0","0","0"
"1000219","School Bus 9-15","0","0","0"
"1000219","School Bus 16+","0","0","0"
"1000219","Mini-Bus 16+","0","0","0"
"1000219","Van 1-8*","0","0","0"
"1000219","Van 9-15","0","0","0"
"1000219","Limousine 1-8*","0","0","0"
"1000219","Limousine 9-15","0","0","0"
"1000219","Limousine 16+","0","0","0"
"100022","Straight Trucks","0","0","0"
"100022","Truck Tractors","0","11","0"
"100022","Trailers*","111","53","0"
"100022","Hazmat Cargo Tank Trailers*","0","0","0"
"100022","Hazmat Cargo Tank Trucks","0","0","0"
"100022","Motor Coach","0","0","0"
"100022","School Bus 1-8*","0","0","0"
"100022","School Bus 9-15","0","0","0"
"100022","School Bus 16+","0","0","0"
"100022","Mini-Bus 16+","0","0","0"
"100022","Van 1-8*","0","0","0"
"100022","Van 9-15","0","0","0"
"100022","Limousine 1-8*","0","0","0"
"100022","Limousine 9-15","0","0","0"
"100022","Limousine 16+","0","0","0"
"1000222","Straight Trucks","1","0","0"
"1000222","Truck Tractors","0","0","0"
"1000222","Trailers*","1","0","0"
"1000222","Hazmat Cargo Tank Trailers*","0","0","0"
"1000222","Hazmat Cargo Tank Trucks","0","0","0"
"1000222","Motor Coach","0","0","0"
"1000222","School Bus 1-8*","0","0","0"
"1000222","School Bus 9-15","0","0","0"
"1000222","School Bus 16+","0","0","0"
"1000222","Mini-Bus 16+","0","0","0"
"1000222","Van 1-8*","0","0","0"
"1000222","Van 9-15","0","0","0"
"1000222","Limousine 1-8*","0","0","0"
"1000222","Limousine 9-15","0","0","0"
"1000222","Limousine 16+","0","0","0"
"1000226","Straight Trucks","2","0","0"
"1000226","Truck Tractors","0","0","0"
"1000226","Trailers*","0","0","0"
"1000226","Hazmat Cargo Tank Trailers*","0","0","0"
"1000226","Hazmat Cargo Tank Trucks","0","0","0"
"1000226","Motor Coach","0","0","0"
"1000226","School Bus 1-8*","0","0","0"
"1000226","School Bus 9-15","0","0","0"
"1000226","School Bus 16+","0","0","0"
"1000226","Mini-Bus 16+","0","0","0"
"1000226","Van 1-8*","0","0","0"
"1000226","Van 9-15","0","0","0"
"1000226","Limousine 1-8*","0","0","0"
"1000226","Limousine 9-15","0","0","0"
"1000226","Limousine 16+","0","0","0"
"1000229","Straight Trucks","0","0","0"
"1000229","Truck Tractors","1","0","0"
"1000229","Trailers*","1","0","0"
"1000229","Hazmat Cargo Tank Trailers*","0","0","0"
"1000229","Hazmat Cargo Tank Trucks","0","0","0"
"1000229","Motor Coach","0","0","0"
"1000229","School Bus 1-8*","0","0","0"
"1000229","School Bus 9-15","0","0","0"
"1000229","School Bus 16+","0","0","0"
"1000229","Mini-Bus 16+","0","0","0"
"1000229","Van 1-8*","0","0","0"
"1000229","Van 9-15","0","0","0"
"1000229","Limousine 1-8*","0","0","0"
"1000229","Limousine 9-15","0","0","0"
"1000229","Limousine 16+","0","0","0"
"1000230","Straight Trucks","1","0","0"
"1000230","Truck Tractors","0","0","0"
"1000230","Trailers*","0","0","0"
"1000230","Hazmat Cargo Tank Trailers*","0","0","0"
"1000230","Hazmat Cargo Tank Trucks","0","0","0"
"1000230","Motor Coach","0","0","0"
"1000230","School Bus 1-8*","0","0","0"
"1000230","School Bus 9-15","0","0","0"
"1000230","School Bus 16+","0","0","0"
"1000230","Mini-Bus 16+","0","0","0"
"1000230","Van 1-8*","0","0","0"
"1000230","Van 9-15","0","0","0"
"1000230","Limousine 1-8*","0","0","0"
"1000230","Limousine 9-15","0","0","0"
"1000230","Limousine 16+","0","0","0"
"1000231","Straight Trucks","1","0","0"
"1000231","Truck Tractors","0","0","0"
"1000231","Trailers*","0","0","0"
"1000231","Hazmat Cargo Tank Trailers*","0","0","0"
"1000231","Hazmat Cargo Tank Trucks","0","0","0"
"1000231","Motor Coach","0","0","0"
"1000231","School Bus 1-8*","0","0","0"
"1000231","School Bus 9-15","0","0","0"
"1000231","School Bus 16+","0","0","0"
"1000231","Mini-Bus 16+","0","0","0"
"1000231","Van 1-8*","0","0","0"
"1000231","Van 9-15","0","0","0"
"1000231","Limousine 1-8*","0","0","0"
"1000231","Limousine 9-15","0","0","0"
"1000231","Limousine 16+","0","0","0"
"1000233","Straight Trucks","10","0","0"
"1000233","Truck Tractors","1","0","0"
"1000233","Trailers*","1","0","0"
"1000233","Hazmat Cargo Tank Trailers*","0","0","0"
"1000233","Hazmat Cargo Tank Trucks","0","0","0"
"1000233","Motor Coach","0","0","0"
"1000233","School Bus 1-8*","0","0","0"
"1000233","School Bus 9-15","0","0","0"
"1000233","School Bus 16+","0","0","0"
"1000233","Mini-Bus 16+","0","0","0"
"1000233","Van 1-8*","0","0","0"
"1000233","Van 9-15","0","0","0"
"1000233","Limousine 1-8*","0","0","0"
"1000233","Limousine 9-15","0","0","0"
"1000233","Limousine 16+","0","0","0"
"1000235","Straight Trucks","35","12","0"
"1000235","Truck Tractors","0","0","0"
"1000235","Trailers*","14","0","0"
"1000235","Hazmat Cargo Tank Trailers*","0","0","0"
"1000235","Hazmat Cargo Tank Trucks","0","0","0"
"1000235","Motor Coach","0","0","0"
"1000235","School Bus 1-8*","0","0","0"
"1000235","School Bus 9-15","0","0","0"
"1000235","School Bus 16+","0","0","0"
"1000235","Mini-Bus 16+","0","0","0"
"1000235","Van 1-8*","0","0","0"
"1000235","Van 9-15","0","0","0"
"1000235","Limousine 1-8*","0","0","0"
"1000235","Limousine 9-15","0","0","0"
"1000235","Limousine 16+","0","0","0"
"1000238","Straight Trucks","0","4","0"
"1000238","Truck Tractors","0","0","0"
"1000238","Trailers*","0","0","0"
"1000238","Hazmat Cargo Tank Trailers*","0","0","0"
"1000238","Hazmat Cargo Tank Trucks","0","0","0"
"1000238","Motor Coach","0","0","0"
"1000238","School Bus 1-8*","0","0","0"
"1000238","School Bus 9-15","0","0","0"
"1000238","School Bus 16+","0","0","0"
"1000238","Mini-Bus 16+","0","0","0"
"1000238","Van 1-8*","0","0","0"
"1000238","Van 9-15","0","0","0"
"1000238","Limousine 1-8*","0","0","0"
"1000238","Limousine 9-15","0","0","0"
"1000238","Limousine 16+","0","0","0"
"1000244","Straight Trucks","0","0","0"
"1000244","Truck Tractors","0","0","0"
"1000244","Trailers*","0","0","0"
"1000244","Hazmat Cargo Tank Trailers*","0","0","0"
"1000244","Hazmat Cargo Tank Trucks","0","0","0"
"1000244","Motor Coach","0","0","0"
"1000244","School Bus 1-8*","0","0","0"
"1000244","School Bus 9-15","0","0","0"
"1000244","School Bus 16+","0","0","0"
"1000244","Mini-Bus 16+","0","0","0"
"1000244","Van 1-8*","0","0","0"
"1000244","Van 9-15","0","0","0"
"1000244","Limousine 1-8*","0","0","0"
"1000244","Limousine 9-15","0","0","0"
"1000244","Limousine 16+","0","0","0"
"1000246","Straight Trucks","1","0","0"
"1000246","Truck Tractors","3","0","0"
"1000246","Trailers*","8","0","0"
"1000246","Hazmat Cargo Tank Trailers*","0","0","0"
"1000246","Hazmat Cargo Tank Trucks","1","0","0"
"1000246","Motor Coach","0","0","0"
"1000246","School Bus 1-8*","0","0","0"
"1000246","School Bus 9-15","0","0","0"
"1000246","School Bus 16+","0","0","0"
"1000246","Mini-Bus 16+","0","0","0"
"1000246","Van 1-8*","0","0","0"
"1000246","Van 9-15","0","0","0"
"1000246","Limousine 1-8*","0","0","0"
"1000246","Limousine 9-15","0","0","0"
"1000246","Limousine 16+","0","0","0"
